Weather,Day_Type,Ingredient_Freshness,Footfall,Queue_Length,Sold_Out,Customer_Rating
Humid,Weekday,Stale,Medium,Long,No,Poor
Rainy,Weekday,Fresh,Medium,Long,No,Good
Rainy,Weekend,Stale,Low,Short,No,Good
Sunny,Weekday,Stale,Low,Short,Yes,Good
Sunny,Weekday,Fresh,Medium,Long,No,Good
Rainy,Weekday,Stale,Medium,Short,No,Poor
Sunny,Festival,Fresh,Low,Short,No,Good
Rainy,Weekday,Fresh,Medium,Long,No,Good
Rainy,Festival,Stale,Medium,Short,No,Good
Humid,Weekday,Fresh,Medium,Short,No,Good
Sunny,Weekday,Stale,Low,Short,Yes,Poor
Sunny,Weekend,Fresh,High,Long,No,Poor
Sunny,Festival,Fresh,High,Long,Yes,Excellent
Sunny,Weekday,Fresh,Medium,Long,Yes,Good
Humid,Weekend,Stale,Medium,Long,No,Poor
Humid,Weekday,Fresh,Low,Short,No,Good
Rainy,Festival,Fresh,Medium,Long,Yes,Excellent
Rainy,Festival,Fresh,High,Long,No,Good
Humid,Weekday,Stale,Medium,Long,No,Poor
Rainy,Festival,Stale,High,Long,Yes,Poor
Sunny,Weekday,Fresh,Low,Short,No,Good
Sunny,Weekday,Fresh,Low,Short,No,Good
Humid,Weekday,Fresh,Low,Short,No,Excellent
Sunny,Weekday,Fresh,Low,Short,No,Good
Sunny,Weekday,Stale,Medium,Long,No,Good
Humid,Weekend,Fresh,Medium,Long,No,Excellent
Humid,Weekday,Fresh,Medium,Long,No,Excellent
Rainy,Weekday,Fresh,Medium,Short,Yes,Good
Humid,Weekday,Stale,Medium,Short,No,Poor
Humid,Weekday,Stale,Medium,Long,No,Poor
Humid,Weekend,Stale,High,Short,No,Good
Sunny,Weekday,Fresh,Low,Short,No,Good
Sunny,Weekday,Fresh,Low,Short,No,Good
Sunny,Weekday,Fresh,Low,Short,Yes,Good
Humid,Weekend,Fresh,Medium,Short,No,Excellent
Sunny,Festival,Fresh,High,Long,Yes,Good
Sunny,Festival,Fresh,Medium,Short,No,Good
Sunny,Weekday,Fresh,Low,Short,No,Good
Rainy,Weekday,Stale,Low,Short,No,Poor
Sunny,Weekday,Fresh,Low,Short,No,Excellent
Sunny,Weekend,Stale,Medium,Long,No,Poor
Rainy,Weekend,Fresh,Low,Short,No,Good
Humid,Weekend,Fresh,High,Short,No,Excellent
Rainy,Weekend,Fresh,High,Long,Yes,Good
Humid,Weekday,Stale,High,Long,Yes,Poor
Humid,Weekend,Stale,Low,Short,No,Poor
Sunny,Weekend,Fresh,Medium,Short,No,Good
Humid,Weekend,Fresh,High,Long,No,Excellent
Humid,Weekend,Fresh,High,Long,Yes,Good
Rainy,Weekend,Fresh,High,Long,Yes,Excellent
Sunny,Weekend,Fresh,Medium,Short,No,Excellent
Humid,Festival,Fresh,Medium,Short,Yes,Good
Sunny,Weekday,Stale,Low,Short,No,Poor
Sunny,Weekend,Fresh,High,Long,Yes,Poor
Sunny,Weekday,Fresh,Medium,Short,No,Excellent
Sunny,Weekday,Fresh,Medium,Long,No,Excellent
Rainy,Weekend,Stale,Medium,Short,No,Good
Sunny,Festival,Stale,High,Long,Yes,Good
Rainy,Festival,Fresh,Medium,Long,No,Excellent
Humid,Weekend,Stale,Medium,Long,Yes,Poor
Humid,Weekend,Fresh,Medium,Long,No,Excellent
Humid,Weekend,Fresh,Medium,Short,No,Good
Humid,Weekday,Stale,Medium,Short,No,Good
Sunny,Weekday,Stale,Medium,Short,No,Poor
Sunny,Weekday,Fresh,Medium,Short,No,Excellent
Sunny,Weekend,Fresh,High,Long,Yes,Good
Sunny,Weekend,Fresh,High,Long,Yes,Excellent
Sunny,Weekend,Fresh,High,Long,Yes,Poor
Rainy,Weekday,Fresh,Medium,Short,Yes,Poor
Sunny,Weekend,Fresh,Medium,Short,No,Good
Humid,Weekend,Fresh,Medium,Long,No,Excellent
Sunny,Weekday,Fresh,Medium,Long,No,Poor
Rainy,Weekend,Fresh,Low,Short,No,Good
Humid,Weekday,Stale,Low,Short,No,Poor
Sunny,Weekday,Fresh,Medium,Long,No,Good
Rainy,Weekend,Stale,Low,Long,No,Good
Rainy,Weekday,Fresh,Low,Short,No,Good
Rainy,Weekday,Stale,Low,Short,No,Poor
Humid,Weekday,Stale,High,Long,Yes,Poor
Sunny,Weekend,Stale,High,Long,Yes,Good
Sunny,Weekday,Fresh,High,Long,Yes,Excellent
Rainy,Weekend,Fresh,Medium,Long,No,Excellent
Humid,Weekday,Fresh,Medium,Short,No,Excellent
Sunny,Weekend,Fresh,Low,Short,No,Excellent
Rainy,Weekday,Stale,Low,Short,No,Good
Humid,Festival,Fresh,High,Short,No,Good
Humid,Weekday,Fresh,High,Long,Yes,Good
Sunny,Weekday,Fresh,Low,Short,No,Excellent
Sunny,Weekend,Fresh,Medium,Long,No,Poor
Sunny,Weekend,Fresh,High,Long,No,Excellent
Sunny,Weekday,Stale,Medium,Short,No,Poor
Rainy,Weekday,Stale,Low,Short,No,Poor
Humid,Weekend,Stale,Medium,Short,No,Poor
Humid,Weekday,Stale,Low,Short,No,Poor
Sunny,Weekday,Fresh,Low,Long,No,Good
Rainy,Weekday,Stale,Medium,Short,No,Good
Sunny,Weekday,Fresh,Medium,Short,No,Good
Sunny,Weekday,Fresh,High,Short,Yes,Excellent
Sunny,Festival,Fresh,Medium,Short,No,Good
Sunny,Weekday,Stale,Medium,Short,No,Poor
Rainy,Festival,Fresh,Medium,Long,No,Good
Humid,Weekend,Stale,High,Long,Yes,Good
Sunny,Weekday,Fresh,High,Long,No,Excellent
Humid,Weekend,Fresh,High,Short,No,Good
Rainy,Weekday,Fresh,Low,Short,Yes,Good
Sunny,Weekday,Stale,Medium,Short,Yes,Poor
Humid,Weekday,Stale,Medium,Long,No,Good
Humid,Weekday,Fresh,Medium,Long,Yes,Good
Sunny,Weekend,Stale,High,Long,No,Poor
Humid,Weekday,Fresh,High,Long,Yes,Excellent
Rainy,Weekend,Fresh,Medium,Long,No,Good
Rainy,Weekday,Fresh,Low,Short,Yes,Good
Sunny,Weekend,Fresh,High,Long,Yes,Good
Rainy,Weekday,Fresh,Low,Short,No,Good
Sunny,Weekday,Fresh,Low,Short,No,Excellent
Rainy,Festival,Fresh,Medium,Short,No,Excellent
Rainy,Weekend,Fresh,Low,Short,No,Good
Sunny,Weekday,Fresh,Low,Short,No,Excellent
Sunny,Weekday,Fresh,Medium,Short,No,Excellent
Rainy,Weekday,Fresh,Low,Short,No,Good
Sunny,Weekend,Fresh,Medium,Long,No,Good
Humid,Weekday,Stale,Low,Short,No,Poor
Rainy,Weekend,Stale,Medium,Long,No,Good
Humid,Weekend,Stale,Medium,Long,No,Poor
Humid,Festival,Fresh,High,Long,No,Good
Sunny,Weekday,Fresh,High,Long,Yes,Poor
Sunny,Weekday,Fresh,Low,Short,No,Excellent
Sunny,Weekend,Fresh,High,Long,No,Excellent
Sunny,Weekday,Fresh,High,Long,Yes,Good
Sunny,Weekday,Fresh,Medium,Short,No,Good
Rainy,Weekday,Stale,Low,Short,No,Poor
Humid,Weekday,Fresh,Medium,Long,No,Good
Sunny,Weekend,Fresh,Medium,Short,No,Good
Sunny,Weekend,Fresh,High,Long,No,Good
Rainy,Weekday,Stale,Low,Short,No,Poor
Sunny,Festival,Fresh,High,Long,Yes,Good
Rainy,Weekday,Stale,Low,Short,No,Poor
Humid,Weekday,Fresh,Low,Short,No,Good
Humid,Weekday,Stale,Medium,Short,No,Poor
Rainy,Weekday,Fresh,Low,Short,No,Good
Humid,Weekday,Fresh,Medium,Short,No,Poor
Humid,Weekend,Stale,Low,Short,No,Excellent
Sunny,Weekday,Fresh,Low,Short,No,Good
Rainy,Weekday,Fresh,Medium,Long,No,Excellent
Sunny,Weekday,Fresh,Low,Short,No,Excellent
Rainy,Festival,Fresh,Medium,Long,No,Good
Sunny,Weekend,Fresh,Medium,Short,Yes,Excellent
Sunny,Weekday,Stale,High,Long,Yes,Poor
Humid,Weekday,Fresh,Low,Short,No,Good
Rainy,Weekday,Fresh,Low,Long,No,Excellent
Sunny,Weekday,Stale,High,Long,Yes,Poor
Rainy,Festival,Stale,Medium,Short,Yes,Poor
Humid,Festival,Stale,Medium,Short,No,Poor
Humid,Weekday,Stale,High,Long,Yes,Poor
Humid,Weekday,Stale,Medium,Long,No,Poor
Rainy,Weekday,Fresh,Low,Short,No,Excellent
Sunny,Weekday,Fresh,Medium,Long,No,Good
Sunny,Weekday,Fresh,High,Long,Yes,Good
Sunny,Weekday,Fresh,Medium,Short,No,Excellent
Sunny,Weekend,Fresh,Low,Short,No,Excellent
Sunny,Weekday,Stale,High,Long,No,Good
Rainy,Weekend,Fresh,Low,Short,No,Good
Rainy,Weekend,Stale,Low,Short,No,Excellent
Sunny,Weekday,Fresh,Medium,Short,No,Excellent
Humid,Weekday,Stale,Low,Long,No,Poor
Humid,Weekday,Stale,Low,Short,No,Good
Humid,Weekend,Fresh,Medium,Long,No,Good
Humid,Weekend,Fresh,Medium,Long,No,Good
Sunny,Weekend,Fresh,High,Long,Yes,Poor
Rainy,Weekday,Fresh,Low,Short,No,Good
Humid,Weekday,Stale,Low,Short,No,Good
Humid,Weekend,Stale,Medium,Long,No,Poor
Humid,Weekday,Fresh,Low,Short,Yes,Excellent
Sunny,Weekday,Fresh,Medium,Short,Yes,Excellent
Sunny,Weekend,Fresh,High,Long,Yes,Excellent
Sunny,Weekday,Stale,Medium,Long,No,Poor
Rainy,Weekend,Fresh,High,Long,No,Good
Rainy,Weekday,Stale,Medium,Short,No,Poor
Humid,Weekend,Fresh,Medium,Short,No,Good
Sunny,Weekday,Fresh,Low,Long,No,Excellent
Rainy,Festival,Fresh,Medium,Long,No,Good
Rainy,Festival,Fresh,Medium,Short,No,Excellent
Rainy,Festival,Fresh,High,Long,Yes,Poor
Humid,Weekend,Fresh,High,Long,Yes,Good
Rainy,Weekday,Fresh,Low,Short,No,Good
Sunny,Festival,Fresh,High,Long,No,Good
Sunny,Weekday,Fresh,Medium,Short,No,Excellent
Sunny,Weekend,Fresh,High,Long,No,Good
Sunny,Weekend,Stale,Medium,Long,Yes,Poor
Sunny,Weekday,Fresh,Low,Short,No,Excellent
Sunny,Weekend,Fresh,High,Long,Yes,Excellent
Humid,Weekend,Stale,Medium,Short,No,Poor
Sunny,Weekday,Fresh,High,Long,Yes,Good
Humid,Weekday,Fresh,Low,Short,No,Excellent
Sunny,Weekday,Fresh,Medium,Long,Yes,Good
Humid,Weekday,Stale,Low,Short,No,Good
Sunny,Festival,Fresh,High,Long,Yes,Excellent
Sunny,Weekday,Fresh,High,Long,Yes,Good
Rainy,Weekday,Stale,Medium,Short,No,Good
Humid,Weekend,Fresh,Medium,Long,No,Poor
Rainy,Weekday,Fresh,Low,Short,No,Excellent
Humid,Weekday,Stale,Low,Short,No,Good
Humid,Weekend,Stale,Medium,Short,No,Good
Sunny,Weekday,Fresh,Low,Short,No,Excellent
Humid,Weekday,Stale,Low,Short,No,Good
Sunny,Weekend,Fresh,Medium,Short,No,Excellent
Rainy,Weekday,Fresh,Low,Short,No,Excellent
Rainy,Weekday,Fresh,Low,Short,No,Excellent
Rainy,Weekday,Stale,Low,Short,No,Good
Sunny,Weekday,Fresh,Medium,Short,Yes,Excellent
Sunny,Festival,Fresh,High,Long,Yes,Excellent
Sunny,Weekend,Fresh,Medium,Short,No,Excellent
Sunny,Weekend,Fresh,High,Long,Yes,Excellent
Humid,Weekday,Fresh,Medium,Short,No,Excellent
Rainy,Weekday,Fresh,Low,Short,No,Good
Sunny,Weekday,Fresh,Medium,Short,Yes,Excellent
Rainy,Weekday,Fresh,Medium,Long,Yes,Good
Rainy,Weekday,Fresh,Low,Short,No,Excellent
Sunny,Weekend,Fresh,High,Long,Yes,Good
Rainy,Weekday,Fresh,Medium,Short,No,Excellent
Rainy,Weekend,Stale,Low,Long,Yes,Good
Sunny,Weekend,Fresh,High,Long,Yes,Good
Humid,Weekday,Stale,Medium,Short,No,Good
Humid,Weekend,Fresh,High,Long,No,Poor
Humid,Weekday,Fresh,Low,Short,No,Good
Sunny,Festival,Fresh,High,Long,Yes,Poor
Humid,Weekday,Fresh,Medium,Short,No,Excellent
Humid,Weekday,Fresh,Medium,Short,No,Good
Rainy,Festival,Fresh,Medium,Short,No,Excellent
Rainy,Weekend,Fresh,Low,Short,Yes,Excellent
Sunny,Weekday,Fresh,High,Long,No,Good
Humid,Weekday,Stale,Low,Short,No,Excellent
Rainy,Weekday,Fresh,Low,Short,No,Good
Rainy,Weekday,Fresh,Medium,Short,Yes,Good
Sunny,Weekday,Stale,Low,Long,No,Poor
Sunny,Weekday,Fresh,Medium,Short,No,Excellent
Humid,Festival,Stale,High,Long,Yes,Poor
Sunny,Weekday,Stale,Medium,Long,No,Poor
Humid,Weekday,Fresh,High,Long,Yes,Good
Rainy,Weekend,Fresh,High,Short,Yes,Good
Sunny,Weekday,Fresh,Low,Short,No,Excellent
Sunny,Festival,Fresh,High,Long,No,Poor
Humid,Weekday,Fresh,Low,Short,No,Good
Humid,Weekday,Fresh,Medium,Short,No,Excellent
Sunny,Weekday,Fresh,Medium,Short,No,Excellent
Sunny,Weekday,Fresh,Low,Short,No,Good
Sunny,Festival,Fresh,High,Long,Yes,Poor
Humid,Weekday,Fresh,Medium,Short,No,Good
Rainy,Weekday,Fresh,Low,Short,No,Excellent
Sunny,Festival,Fresh,High,Short,Yes,Good
Sunny,Weekday,Fresh,Low,Short,No,Excellent
Humid,Weekend,Fresh,High,Long,Yes,Good
Sunny,Festival,Stale,High,Short,No,Good
Sunny,Festival,Fresh,Low,Short,No,Excellent
Sunny,Weekday,Stale,Low,Short,No,Poor
Humid,Weekday,Fresh,Low,Short,No,Excellent
Sunny,Weekday,Fresh,High,Long,Yes,Poor
Rainy,Weekend,Fresh,Low,Short,No,Excellent
Humid,Weekday,Stale,Low,Short,No,Good
Sunny,Weekday,Fresh,Low,Short,No,Good
Sunny,Weekday,Stale,High,Short,Yes,Poor
Rainy,Weekday,Fresh,Low,Short,No,Excellent
Sunny,Weekend,Stale,High,Long,Yes,Poor
Sunny,Weekday,Fresh,Low,Short,No,Excellent
Sunny,Weekday,Fresh,High,Long,Yes,Good
Sunny,Weekday,Fresh,High,Long,No,Excellent
Rainy,Weekday,Stale,Low,Short,No,Excellent
Sunny,Weekday,Fresh,Medium,Long,No,Good
Sunny,Weekday,Fresh,High,Long,Yes,Excellent
Rainy,Weekend,Stale,Low,Long,No,Poor
Humid,Weekday,Fresh,Low,Short,No,Good
Sunny,Weekend,Fresh,High,Long,Yes,Good
Sunny,Weekday,Fresh,Low,Short,No,Good
Rainy,Weekday,Fresh,Low,Long,No,Good
Sunny,Weekday,Fresh,Low,Short,No,Good
Humid,Festival,Fresh,High,Long,Yes,Excellent
Sunny,Weekday,Fresh,Medium,Long,No,Excellent
Humid,Weekday,Stale,High,Long,No,Good
Rainy,Weekend,Fresh,Medium,Short,No,Good
Rainy,Weekday,Fresh,Low,Short,No,Poor
Humid,Weekday,Fresh,High,Long,Yes,Good
Sunny,Weekday,Fresh,Medium,Long,No,Good
Sunny,Weekend,Fresh,High,Long,Yes,Excellent
Humid,Weekday,Stale,High,Long,Yes,Poor
Rainy,Festival,Fresh,High,Short,Yes,Good
Sunny,Weekday,Fresh,High,Long,Yes,Poor
Sunny,Weekday,Stale,Medium,Short,No,Poor
Humid,Weekend,Stale,High,Long,Yes,Poor
Humid,Weekday,Fresh,Low,Short,No,Excellent
Rainy,Weekday,Fresh,Medium,Long,No,Excellent
Sunny,Weekday,Fresh,High,Long,Yes,Good
Sunny,Weekday,Stale,Medium,Short,No,Poor
Rainy,Festival,Stale,High,Long,No,Poor
Humid,Weekday,Fresh,Medium,Short,No,Good
Humid,Weekend,Fresh,Medium,Long,Yes,Good
Rainy,Weekday,Fresh,Medium,Long,No,Good
Rainy,Festival,Fresh,High,Long,No,Good
Rainy,Weekday,Fresh,Low,Short,No,Good
Rainy,Weekday,Fresh,Low,Short,No,Excellent
Sunny,Weekend,Fresh,High,Long,Yes,Excellent
Humid,Weekday,Stale,Medium,Short,Yes,Excellent
Sunny,Weekend,Fresh,High,Long,No,Good
Rainy,Weekend,Fresh,Medium,Long,No,Excellent
Rainy,Weekend,Fresh,Low,Short,No,Good
Humid,Weekend,Stale,Medium,Short,No,Poor
Sunny,Weekend,Fresh,Medium,Long,No,Good
Sunny,Weekday,Fresh,Medium,Short,No,Excellent
Sunny,Weekend,Fresh,Medium,Long,No,Excellent
Sunny,Weekday,Fresh,Medium,Short,No,Excellent
Rainy,Weekend,Fresh,Medium,Short,No,Excellent
Humid,Weekday,Stale,Low,Long,No,Good
Sunny,Weekend,Fresh,Medium,Long,Yes,Good
Humid,Weekend,Fresh,High,Long,Yes,Excellent
Humid,Weekday,Fresh,Low,Short,No,Excellent
Sunny,Weekend,Fresh,High,Long,Yes,Poor
Rainy,Weekday,Stale,Low,Short,No,Good
Rainy,Weekday,Stale,Low,Short,No,Good
Sunny,Weekend,Fresh,High,Short,No,Good
Sunny,Weekday,Fresh,High,Long,Yes,Good
Rainy,Weekday,Stale,Low,Long,No,Poor
Rainy,Festival,Fresh,High,Long,Yes,Good
Sunny,Weekday,Fresh,Medium,Short,Yes,Excellent
Humid,Weekday,Stale,Medium,Long,Yes,Poor
Rainy,Weekend,Stale,Low,Short,No,Good
Rainy,Weekday,Fresh,Medium,Short,No,Good
Sunny,Weekend,Stale,High,Long,Yes,Good
Sunny,Weekday,Fresh,Low,Long,Yes,Good
Rainy,Weekend,Fresh,Medium,Long,No,Good
Sunny,Weekday,Stale,High,Long,Yes,Poor
Sunny,Weekday,Stale,Low,Short,No,Poor
Humid,Weekday,Fresh,Low,Short,No,Excellent
Sunny,Weekday,Fresh,Low,Short,No,Good
Rainy,Weekday,Stale,Medium,Short,Yes,Excellent
Sunny,Weekend,Fresh,Low,Short,No,Excellent
Rainy,Weekday,Stale,Low,Short,No,Poor
Sunny,Festival,Fresh,High,Short,Yes,Excellent
Rainy,Weekend,Stale,High,Long,No,Good
Sunny,Weekday,Fresh,Medium,Long,Yes,Poor
Humid,Weekday,Fresh,Medium,Short,No,Good
Sunny,Weekday,Stale,Low,Short,No,Poor
Sunny,Weekend,Fresh,Medium,Long,Yes,Poor
Sunny,Weekday,Fresh,Low,Short,No,Good
Humid,Weekday,Fresh,Medium,Short,No,Good
Humid,Weekend,Stale,Low,Short,No,Poor
Sunny,Weekday,Fresh,Medium,Short,No,Good
Rainy,Weekend,Fresh,Low,Short,No,Excellent
Rainy,Weekend,Fresh,Medium,Long,Yes,Good
Rainy,Weekday,Stale,Low,Short,No,Good
Sunny,Weekday,Fresh,Medium,Short,No,Good
Sunny,Weekday,Fresh,Low,Short,No,Excellent
Sunny,Festival,Fresh,High,Long,Yes,Good
Sunny,Weekday,Fresh,Medium,Long,No,Excellent
Sunny,Weekday,Fresh,Medium,Short,No,Excellent
Humid,Festival,Fresh,High,Long,No,Good
Sunny,Weekday,Fresh,Low,Short,No,Good
Sunny,Weekend,Stale,Medium,Short,No,Good
Rainy,Weekday,Fresh,Medium,Short,Yes,Poor
Humid,Weekday,Stale,Low,Short,No,Good
Sunny,Festival,Fresh,High,Long,Yes,Excellent
Humid,Weekday,Stale,Medium,Long,No,Poor
Sunny,Weekday,Fresh,Medium,Short,Yes,Excellent
Humid,Weekday,Stale,Low,Short,No,Poor
Sunny,Weekend,Fresh,High,Long,Yes,Excellent
Humid,Weekend,Stale,Medium,Long,No,Poor
Humid,Weekday,Fresh,Medium,Short,Yes,Good
Humid,Weekday,Fresh,Medium,Short,No,Excellent
Sunny,Weekday,Stale,Low,Short,No,Good
Rainy,Weekend,Fresh,High,Long,Yes,Good
Rainy,Weekday,Fresh,Medium,Long,No,Good
Sunny,Weekday,Fresh,Medium,Short,Yes,Good
Sunny,Festival,Fresh,High,Long,Yes,Excellent
Sunny,Weekday,Fresh,Medium,Long,Yes,Good
Rainy,Festival,Stale,High,Long,No,Good
Rainy,Weekday,Fresh,Low,Short,Yes,Excellent
Sunny,Weekend,Fresh,Medium,Long,Yes,Excellent
Rainy,Weekday,Stale,Low,Short,No,Good
Sunny,Weekend,Stale,High,Long,No,Poor
Humid,Weekend,Fresh,High,Long,No,Good
Humid,Weekday,Stale,High,Long,No,Poor
Rainy,Weekend,Stale,Medium,Short,No,Poor
Sunny,Weekday,Fresh,High,Long,No,Good
Sunny,Weekday,Fresh,Low,Short,No,Good
Humid,Festival,Fresh,Medium,Short,No,Excellent
Sunny,Weekday,Stale,Low,Short,No,Good
Sunny,Weekday,Fresh,Medium,Long,No,Excellent
Humid,Weekday,Fresh,Low,Short,No,Good
Rainy,Weekday,Fresh,Low,Long,No,Good
Rainy,Weekday,Fresh,Low,Long,No,Poor
Rainy,Weekday,Stale,Medium,Long,No,Poor
Rainy,Weekend,Fresh,Medium,Long,No,Good
Humid,Weekend,Fresh,High,Long,No,Good
Rainy,Weekend,Fresh,Low,Long,No,Excellent
Humid,Weekend,Fresh,High,Long,No,Good
Humid,Weekday,Fresh,Low,Short,No,Good
Sunny,Weekday,Fresh,High,Long,Yes,Good
Sunny,Weekday,Fresh,Medium,Long,Yes,Good
Rainy,Weekday,Fresh,Low,Short,No,Good
Sunny,Weekday,Fresh,High,Long,No,Excellent
Rainy,Weekday,Fresh,Low,Long,No,Good
Humid,Weekday,Fresh,Medium,Short,Yes,Excellent
Sunny,Weekend,Fresh,Medium,Long,No,Good
Rainy,Weekday,Fresh,Low,Short,No,Excellent
Sunny,Weekend,Fresh,High,Long,No,Poor
Humid,Festival,Fresh,High,Long,No,Good
Sunny,Weekday,Fresh,Low,Short,No,Excellent
Rainy,Festival,Fresh,Medium,Long,No,Good
Humid,Weekend,Fresh,Low,Short,No,Good
Rainy,Weekday,Stale,Medium,Short,No,Poor
Sunny,Festival,Fresh,Low,Short,No,Poor
Rainy,Weekday,Fresh,Low,Short,No,Good
Humid,Weekday,Fresh,High,Long,Yes,Excellent
Humid,Weekday,Fresh,Low,Short,No,Excellent
Rainy,Weekday,Fresh,Medium,Long,No,Good
Sunny,Weekend,Stale,High,Long,Yes,Poor
Sunny,Weekday,Fresh,Medium,Short,Yes,Excellent
Humid,Weekend,Stale,High,Short,Yes,Good
Rainy,Weekday,Fresh,Low,Short,No,Good
Sunny,Weekday,Fresh,Medium,Short,No,Excellent
Humid,Weekday,Fresh,Medium,Short,No,Excellent
Sunny,Weekend,Fresh,High,Long,No,Excellent
Humid,Weekday,Fresh,Low,Short,No,Good
Rainy,Weekday,Fresh,Low,Short,No,Excellent
Sunny,Weekday,Fresh,High,Long,Yes,Excellent
Humid,Weekend,Fresh,Low,Short,No,Good
Sunny,Weekend,Fresh,High,Long,Yes,Good
Rainy,Weekday,Fresh,Low,Short,Yes,Good
Humid,Festival,Stale,Medium,Short,No,Poor
Sunny,Weekday,Stale,Low,Short,No,Good
Humid,Weekday,Fresh,Low,Long,Yes,Good
Humid,Weekday,Fresh,High,Short,No,Excellent
Humid,Weekend,Fresh,High,Long,Yes,Good
Sunny,Weekday,Fresh,Low,Short,No,Excellent
Humid,Weekend,Stale,Low,Short,No,Excellent
Humid,Festival,Fresh,High,Short,Yes,Excellent
Rainy,Weekday,Fresh,Medium,Short,No,Poor
Sunny,Weekday,Fresh,High,Long,Yes,Excellent
Humid,Weekday,Stale,Medium,Short,No,Poor
Humid,Weekday,Stale,Medium,Short,No,Good
Humid,Weekday,Stale,Low,Short,No,Good
Sunny,Weekday,Stale,High,Long,No,Poor
Humid,Weekend,Fresh,Low,Long,No,Good
Sunny,Festival,Fresh,High,Long,Yes,Excellent
Sunny,Festival,Fresh,High,Long,Yes,Excellent
Rainy,Weekday,Stale,Low,Short,No,Good
Sunny,Weekday,Fresh,Medium,Short,No,Excellent
Humid,Weekend,Fresh,Medium,Long,No,Good
Rainy,Festival,Fresh,Medium,Long,No,Good
Humid,Weekday,Stale,Medium,Short,No,Poor
Humid,Festival,Stale,High,Long,No,Good
Rainy,Weekend,Fresh,Low,Short,No,Good
Humid,Weekday,Stale,Medium,Short,No,Poor
Humid,Weekday,Stale,Low,Short,No,Poor
Rainy,Weekday,Stale,Low,Short,No,Good
Humid,Weekday,Stale,Medium,Long,No,Poor
Humid,Weekday,Fresh,High,Long,Yes,Good
Sunny,Weekend,Fresh,High,Long,Yes,Excellent
Humid,Weekday,Stale,Low,Short,No,Good
Sunny,Weekend,Stale,Low,Short,No,Poor
Humid,Weekend,Fresh,High,Long,Yes,Excellent
Sunny,Weekday,Fresh,High,Long,Yes,Good
Humid,Weekday,Stale,Low,Short,No,Poor
Rainy,Weekday,Fresh,Medium,Short,Yes,Excellent
Humid,Weekday,Stale,Low,Short,No,Good
Sunny,Weekday,Fresh,High,Long,No,Excellent
Rainy,Festival,Fresh,High,Long,No,Poor
Sunny,Weekday,Fresh,Medium,Short,Yes,Good
Rainy,Weekend,Stale,Low,Short,No,Good
Rainy,Weekend,Fresh,Low,Long,No,Good
Sunny,Weekday,Fresh,Medium,Long,No,Excellent
Humid,Weekend,Stale,Medium,Long,No,Poor
Sunny,Weekday,Fresh,Low,Short,No,Good
Sunny,Weekday,Fresh,Medium,Long,Yes,Excellent
Rainy,Weekday,Fresh,Low,Short,No,Excellent
Humid,Weekend,Fresh,Low,Short,No,Excellent
Humid,Weekday,Fresh,Medium,Short,Yes,Good
Humid,Weekend,Stale,Medium,Short,No,Poor
Humid,Weekday,Stale,High,Long,Yes,Good
Humid,Weekday,Stale,High,Long,Yes,Poor
Sunny,Weekend,Fresh,High,Short,Yes,Good
Sunny,Festival,Fresh,High,Long,Yes,Poor
Sunny,Weekday,Fresh,Medium,Long,Yes,Good
Sunny,Festival,Fresh,Medium,Short,No,Good
Sunny,Weekday,Fresh,Medium,Long,Yes,Excellent
Rainy,Weekend,Fresh,Medium,Long,Yes,Excellent
Sunny,Weekday,Fresh,Medium,Long,No,Good
Sunny,Weekend,Fresh,High,Long,No,Good
Sunny,Weekday,Fresh,Medium,Short,No,Good
Humid,Weekend,Stale,Medium,Short,No,Poor
Rainy,Weekday,Stale,Low,Short,No,Good
Rainy,Weekday,Stale,Low,Short,No,Poor
Sunny,Weekend,Fresh,Medium,Short,No,Excellent
Sunny,Weekday,Fresh,Low,Short,No,Excellent
Rainy,Festival,Fresh,Medium,Short,Yes,Good
Humid,Weekday,Stale,Medium,Long,No,Poor
Humid,Festival,Stale,High,Long,Yes,Good
Sunny,Weekday,Fresh,High,Long,No,Good
Rainy,Weekend,Stale,Low,Long,No,Poor
Sunny,Weekday,Fresh,Low,Short,No,Good
Humid,Weekday,Fresh,Medium,Long,No,Good
Sunny,Weekday,Fresh,Low,Short,No,Good
Sunny,Weekday,Fresh,Low,Short,No,Excellent
Rainy,Weekday,Fresh,Medium,Short,No,Good
Rainy,Weekday,Fresh,Medium,Long,No,Good
Humid,Weekday,Stale,Low,Short,No,Poor
Rainy,Weekend,Stale,Low,Short,No,Poor
Humid,Weekday,Fresh,Low,Short,No,Excellent
Sunny,Weekday,Fresh,Medium,Long,Yes,Good
Humid,Weekend,Stale,Low,Short,No,Good
Sunny,Weekend,Fresh,Medium,Long,No,Poor
Sunny,Weekend,Fresh,High,Long,No,Excellent
Humid,Festival,Fresh,Medium,Short,No,Good
Rainy,Weekend,Stale,Low,Short,No,Poor
Sunny,Weekday,Fresh,Medium,Long,No,Good
Humid,Festival,Fresh,Medium,Short,No,Good
Rainy,Weekday,Fresh,Low,Short,No,Excellent
Sunny,Weekday,Fresh,Medium,Short,No,Good
Sunny,Weekday,Fresh,Medium,Long,No,Poor
Humid,Weekday,Fresh,Low,Short,No,Excellent
Sunny,Weekday,Fresh,Medium,Long,No,Excellent
Humid,Weekday,Fresh,Medium,Short,No,Excellent
Sunny,Weekend,Fresh,High,Long,Yes,Excellent
Humid,Weekday,Stale,Low,Short,Yes,Good
Sunny,Weekend,Fresh,Medium,Long,No,Excellent
Humid,Weekend,Stale,Low,Short,No,Poor
Humid,Weekday,Stale,Medium,Short,No,Poor
Humid,Weekday,Stale,Medium,Short,Yes,Poor
Sunny,Weekday,Fresh,Low,Short,No,Good
Rainy,Weekday,Fresh,Medium,Long,No,Good
Sunny,Weekend,Fresh,High,Short,No,Excellent
Sunny,Weekend,Fresh,High,Long,No,Excellent
Sunny,Weekday,Fresh,Medium,Short,Yes,Good
Sunny,Weekend,Stale,High,Short,No,Poor
Sunny,Weekday,Stale,Medium,Long,No,Good
Rainy,Weekend,Fresh,Low,Short,No,Excellent
Humid,Festival,Fresh,Medium,Short,No,Good
Sunny,Festival,Fresh,High,Long,Yes,Excellent
Sunny,Weekend,Fresh,High,Long,Yes,Excellent
Sunny,Weekday,Fresh,Medium,Short,No,Good
Rainy,Festival,Fresh,High,Long,No,Good
Humid,Weekday,Stale,Medium,Short,No,Good
Rainy,Weekday,Fresh,Low,Short,No,Poor
Humid,Weekday,Stale,Medium,Short,No,Good
Humid,Weekend,Stale,High,Long,Yes,Poor
Rainy,Weekend,Fresh,Medium,Long,No,Excellent
Rainy,Weekend,Fresh,Medium,Short,No,Excellent
Sunny,Weekday,Fresh,Medium,Long,No,Excellent
Sunny,Festival,Fresh,Medium,Short,No,Good
Sunny,Festival,Fresh,High,Long,Yes,Excellent
Humid,Weekday,Fresh,Medium,Short,Yes,Good
Sunny,Festival,Fresh,High,Long,Yes,Good
Sunny,Weekday,Fresh,Low,Short,No,Good
Humid,Weekday,Fresh,Low,Short,Yes,Excellent
Sunny,Weekday,Fresh,Medium,Long,No,Good
Sunny,Weekend,Fresh,Medium,Short,Yes,Excellent
Sunny,Festival,Fresh,Medium,Long,No,Good
Sunny,Festival,Stale,High,Long,Yes,Poor
Rainy,Weekday,Fresh,Medium,Long,No,Excellent
Sunny,Weekend,Fresh,High,Short,No,Excellent
Sunny,Weekday,Fresh,Medium,Short,Yes,Excellent
Sunny,Weekday,Stale,High,Short,No,Poor
Humid,Weekend,Stale,Medium,Long,No,Excellent
Sunny,Weekday,Stale,Medium,Short,No,Good
Humid,Weekday,Fresh,High,Long,No,Poor
Sunny,Weekday,Fresh,Medium,Short,Yes,Good
Sunny,Weekend,Fresh,High,Long,Yes,Excellent
Rainy,Weekend,Stale,Low,Short,No,Good
Sunny,Weekday,Fresh,Low,Short,No,Good
Humid,Weekday,Fresh,Medium,Short,Yes,Good
Sunny,Weekday,Fresh,Medium,Short,No,Good
Sunny,Festival,Fresh,High,Long,No,Good
Rainy,Weekday,Fresh,Low,Short,No,Excellent
Sunny,Festival,Fresh,High,Long,Yes,Excellent
Rainy,Weekday,Stale,Low,Short,No,Good
Rainy,Weekend,Stale,Low,Short,No,Poor
Humid,Weekend,Fresh,Medium,Short,No,Good
Sunny,Weekday,Fresh,Low,Short,No,Excellent
Humid,Weekday,Fresh,Low,Short,No,Excellent
Humid,Weekday,Fresh,Low,Short,No,Good
Rainy,Weekday,Fresh,Low,Short,No,Good
Sunny,Weekday,Fresh,Medium,Long,Yes,Excellent
Rainy,Weekday,Fresh,Low,Short,No,Good
Rainy,Weekend,Fresh,Medium,Short,No,Good
Sunny,Weekday,Fresh,Medium,Long,No,Poor
Sunny,Weekday,Stale,Medium,Long,No,Poor
Sunny,Weekday,Stale,Medium,Short,No,Good
Rainy,Festival,Fresh,High,Long,No,Poor
Rainy,Weekend,Fresh,Medium,Long,No,Poor
Rainy,Weekday,Fresh,Low,Short,No,Excellent
Humid,Weekday,Fresh,Low,Long,No,Good
Humid,Festival,Fresh,High,Long,Yes,Good
Humid,Weekday,Stale,Medium,Short,No,Good
Humid,Weekend,Stale,Medium,Long,Yes,Poor
Rainy,Weekend,Fresh,Low,Short,No,Good
Humid,Weekend,Fresh,Low,Short,Yes,Excellent
Sunny,Weekday,Fresh,Medium,Long,No,Excellent
Humid,Weekend,Stale,High,Long,Yes,Poor
Sunny,Weekday,Fresh,Low,Short,No,Good
Humid,Festival,Stale,High,Long,Yes,Poor
Humid,Weekday,Stale,Medium,Long,No,Good
Sunny,Weekday,Fresh,Low,Short,No,Poor
Rainy,Weekend,Fresh,Low,Long,No,Excellent
Rainy,Weekend,Stale,Low,Short,No,Good
Sunny,Festival,Stale,Medium,Long,No,Poor
Sunny,Weekend,Fresh,Medium,Short,No,Excellent
Sunny,Weekday,Fresh,High,Short,Yes,Excellent
Sunny,Weekday,Fresh,High,Long,Yes,Good
Sunny,Weekday,Fresh,Medium,Long,Yes,Excellent
Sunny,Weekday,Fresh,Medium,Long,No,Excellent
Rainy,Weekend,Stale,Low,Short,No,Good
Sunny,Weekend,Fresh,Medium,Long,No,Excellent
Rainy,Weekday,Fresh,Low,Short,No,Good
Humid,Weekday,Stale,Low,Short,No,Poor
Rainy,Weekday,Fresh,High,Long,Yes,Poor
Sunny,Weekend,Stale,Medium,Long,No,Excellent
Sunny,Weekday,Fresh,Low,Short,No,Excellent
Rainy,Weekend,Fresh,Low,Short,No,Excellent
Sunny,Festival,Fresh,High,Short,No,Excellent
Sunny,Festival,Fresh,High,Long,Yes,Excellent
Rainy,Weekday,Fresh,Medium,Long,No,Excellent
Humid,Festival,Stale,Low,Short,No,Good
Sunny,Weekday,Fresh,Low,Short,No,Excellent
Sunny,Festival,Fresh,High,Long,No,Good
Rainy,Weekend,Fresh,Medium,Long,No,Good
Sunny,Weekday,Fresh,Medium,Long,No,Excellent
Humid,Weekend,Stale,Medium,Long,No,Poor
Sunny,Weekday,Fresh,High,Long,Yes,Good
Rainy,Festival,Fresh,Medium,Short,No,Excellent
Sunny,Weekday,Fresh,Medium,Short,No,Excellent
Humid,Weekend,Fresh,Medium,Short,Yes,Excellent
Sunny,Weekday,Fresh,High,Long,Yes,Good
Humid,Weekday,Fresh,Medium,Long,No,Excellent
Rainy,Weekday,Fresh,Low,Short,No,Excellent
Sunny,Weekend,Fresh,High,Long,Yes,Poor
Sunny,Weekday,Fresh,Low,Short,No,Excellent
Rainy,Weekend,Stale,Low,Short,No,Good
Humid,Festival,Fresh,Medium,Short,Yes,Good
Sunny,Weekday,Fresh,High,Long,Yes,Good
Humid,Weekend,Stale,Medium,Short,No,Poor
Humid,Weekday,Stale,Low,Short,No,Poor
Rainy,Weekend,Fresh,Low,Short,No,Good
Sunny,Weekend,Fresh,High,Long,Yes,Good
Rainy,Weekday,Fresh,Low,Short,No,Excellent
Humid,Weekend,Fresh,Medium,Long,No,Good
Humid,Weekday,Fresh,High,Short,Yes,Poor
Sunny,Weekday,Fresh,Low,Short,No,Excellent
Humid,Festival,Fresh,High,Short,No,Excellent
Humid,Weekday,Fresh,High,Long,Yes,Excellent
Sunny,Weekday,Fresh,Low,Short,No,Poor
Sunny,Weekday,Stale,Low,Short,No,Good
Rainy,Festival,Fresh,Low,Short,No,Excellent
Humid,Festival,Fresh,High,Long,No,Good
Sunny,Weekday,Fresh,Low,Short,No,Good
Humid,Weekday,Stale,Low,Long,No,Poor
Sunny,Weekday,Fresh,Medium,Short,Yes,Excellent
Humid,Weekend,Fresh,Medium,Long,No,Excellent
Rainy,Weekday,Stale,Low,Long,No,Poor
Sunny,Weekend,Fresh,High,Long,No,Excellent
Sunny,Festival,Fresh,Medium,Short,No,Poor
Sunny,Weekday,Fresh,Low,Long,No,Poor
Sunny,Weekday,Stale,High,Long,No,Poor
Sunny,Festival,Fresh,Medium,Short,No,Good
Sunny,Weekday,Fresh,Medium,Short,No,Good
Sunny,Weekday,Fresh,High,Long,Yes,Poor
Sunny,Weekend,Stale,High,Short,Yes,Excellent
Humid,Weekday,Stale,Medium,Long,No,Poor
Sunny,Weekend,Stale,High,Long,Yes,Poor
Humid,Weekday,Stale,Medium,Long,No,Poor
Rainy,Weekend,Fresh,Low,Short,Yes,Good
Sunny,Weekday,Fresh,Medium,Long,Yes,Poor
Humid,Weekend,Fresh,Medium,Long,No,Excellent
Humid,Weekday,Stale,Low,Short,No,Poor
Sunny,Festival,Fresh,High,Long,Yes,Excellent
Sunny,Weekday,Fresh,Low,Short,No,Poor
Rainy,Weekend,Fresh,Low,Short,No,Good
Humid,Weekday,Stale,Low,Short,No,Poor
Rainy,Weekend,Fresh,Medium,Short,No,Excellent
Sunny,Weekday,Fresh,Low,Short,No,Excellent
Humid,Weekday,Stale,High,Long,Yes,Poor
Rainy,Weekend,Fresh,Low,Short,No,Excellent
Rainy,Weekday,Fresh,Low,Short,No,Poor
Sunny,Weekday,Fresh,High,Short,Yes,Good
Humid,Festival,Fresh,High,Short,No,Good
Sunny,Weekday,Fresh,Medium,Short,No,Excellent
Rainy,Weekday,Fresh,Low,Long,No,Excellent
Sunny,Weekend,Fresh,High,Long,No,Excellent
Sunny,Weekday,Fresh,Low,Short,No,Poor
Rainy,Weekday,Fresh,Low,Short,No,Excellent
Humid,Weekday,Fresh,Low,Short,No,Excellent
Humid,Weekday,Fresh,High,Long,No,Excellent
Rainy,Festival,Stale,Medium,Long,No,Poor
Sunny,Weekend,Fresh,Medium,Long,No,Good
Sunny,Weekend,Fresh,High,Long,Yes,Good
Sunny,Weekday,Fresh,Low,Short,No,Poor
Sunny,Weekend,Stale,High,Long,No,Poor
Sunny,Weekend,Fresh,Medium,Short,No,Excellent
Humid,Weekday,Stale,Medium,Long,No,Poor
Rainy,Weekend,Stale,Low,Short,No,Good
Humid,Festival,Stale,High,Long,No,Poor
Humid,Weekend,Stale,High,Long,Yes,Good
Sunny,Festival,Stale,High,Long,Yes,Good
Humid,Weekday,Stale,Medium,Long,Yes,Good
Rainy,Weekday,Stale,Low,Short,No,Poor
Humid,Weekday,Fresh,Medium,Short,No,Excellent
Rainy,Weekday,Stale,Low,Short,No,Poor
Humid,Weekend,Fresh,Low,Long,Yes,Good
Sunny,Weekday,Stale,Low,Short,No,Good
Humid,Weekend,Fresh,Low,Short,Yes,Good
Humid,Weekend,Fresh,Medium,Short,No,Excellent
Sunny,Weekend,Fresh,Medium,Long,No,Good
Humid,Weekday,Fresh,Medium,Long,No,Good
Rainy,Weekday,Stale,Low,Short,No,Good
Sunny,Weekend,Fresh,Medium,Short,Yes,Excellent
Humid,Weekend,Fresh,Medium,Short,Yes,Excellent
Humid,Weekday,Stale,Low,Short,No,Poor
Sunny,Weekday,Fresh,Medium,Short,No,Good
Sunny,Weekday,Fresh,High,Short,No,Good
Sunny,Weekday,Fresh,Medium,Long,No,Good
Humid,Festival,Fresh,High,Long,No,Excellent
Humid,Weekday,Stale,Low,Short,No,Good
Humid,Festival,Fresh,Medium,Short,No,Excellent
Sunny,Weekend,Fresh,High,Short,Yes,Good
Rainy,Weekday,Stale,Low,Short,No,Poor
Rainy,Weekend,Fresh,Low,Short,No,Good
Sunny,Weekend,Stale,Medium,Long,No,Poor
Sunny,Weekday,Fresh,Low,Long,No,Good
Sunny,Weekday,Fresh,High,Long,Yes,Excellent
Rainy,Weekday,Fresh,Medium,Short,No,Good
Rainy,Weekday,Fresh,Low,Short,No,Good
Sunny,Festival,Fresh,Medium,Long,No,Good
Sunny,Weekend,Fresh,High,Long,No,Excellent
Sunny,Weekend,Fresh,High,Long,Yes,Good
Humid,Weekday,Fresh,Low,Short,No,Good
Rainy,Weekend,Fresh,High,Long,Yes,Poor
Sunny,Weekend,Fresh,Medium,Short,No,Excellent
Sunny,Weekday,Fresh,High,Long,Yes,Excellent
Humid,Weekday,Fresh,Medium,Short,No,Good
Humid,Weekend,Fresh,Medium,Long,No,Good
Humid,Weekday,Fresh,Low,Short,No,Good
Sunny,Weekday,Fresh,Low,Short,No,Good
Sunny,Weekday,Stale,Low,Short,No,Good
Sunny,Weekday,Fresh,Medium,Short,No,Good
Rainy,Weekday,Fresh,Medium,Long,No,Excellent
Rainy,Weekday,Stale,Medium,Short,No,Poor
Sunny,Weekend,Fresh,Medium,Short,No,Good
Rainy,Weekend,Fresh,High,Long,No,Poor
Sunny,Weekend,Fresh,High,Long,No,Good
Rainy,Weekend,Fresh,Low,Short,No,Good
Sunny,Weekday,Fresh,High,Long,Yes,Excellent
Rainy,Weekday,Fresh,Medium,Long,No,Good
Sunny,Weekend,Fresh,High,Long,No,Good
Humid,Weekday,Fresh,High,Short,Yes,Excellent
Humid,Weekday,Fresh,Medium,Short,No,Good
Humid,Weekend,Fresh,High,Long,No,Good
Sunny,Weekday,Fresh,Low,Short,No,Excellent
Sunny,Weekday,Fresh,High,Long,Yes,Good
Sunny,Weekend,Fresh,High,Long,Yes,Excellent
Sunny,Weekend,Fresh,High,Long,Yes,Excellent
Sunny,Weekday,Fresh,Medium,Short,No,Excellent
Sunny,Weekday,Fresh,Medium,Long,No,Excellent
Humid,Weekend,Fresh,Medium,Long,No,Excellent
Sunny,Weekday,Fresh,Medium,Long,Yes,Excellent
Humid,Weekday,Fresh,Low,Short,No,Excellent
Sunny,Weekend,Fresh,Medium,Short,Yes,Excellent
Sunny,Weekend,Fresh,High,Short,No,Excellent
Sunny,Weekend,Fresh,Medium,Short,No,Excellent
Rainy,Weekday,Fresh,Low,Short,No,Good
Sunny,Weekend,Fresh,Medium,Short,No,Excellent
Sunny,Weekday,Fresh,Medium,Short,No,Good
Rainy,Weekday,Fresh,Medium,Short,No,Excellent
Sunny,Weekend,Stale,Medium,Short,No,Good
Rainy,Weekday,Fresh,Low,Short,No,Excellent
Rainy,Weekday,Fresh,Low,Short,No,Good
Sunny,Weekend,Fresh,High,Long,No,Excellent
Humid,Weekday,Fresh,High,Long,Yes,Excellent
Sunny,Weekend,Fresh,Medium,Long,No,Poor
Sunny,Weekday,Stale,Medium,Long,No,Poor
Sunny,Weekend,Fresh,Medium,Short,Yes,Good
Humid,Weekend,Fresh,Medium,Long,Yes,Excellent
Rainy,Weekend,Fresh,Low,Short,No,Excellent
Sunny,Weekend,Stale,Medium,Long,No,Good
Humid,Weekday,Fresh,High,Long,Yes,Excellent
Humid,Weekday,Fresh,Low,Long,Yes,Excellent
Sunny,Weekday,Fresh,Low,Short,No,Good
Rainy,Weekday,Fresh,Low,Short,No,Excellent
Humid,Weekend,Fresh,Medium,Long,No,Excellent
Sunny,Weekday,Fresh,Medium,Short,No,Good
Rainy,Festival,Fresh,High,Long,Yes,Poor
Sunny,Weekday,Fresh,Medium,Short,No,Excellent
Sunny,Weekend,Fresh,Medium,Short,No,Good
Sunny,Weekday,Fresh,High,Long,Yes,Good
Rainy,Weekday,Stale,Low,Short,Yes,Good
Sunny,Weekend,Fresh,Medium,Short,No,Good
Rainy,Weekday,Stale,Low,Short,No,Excellent
Humid,Weekend,Fresh,High,Long,Yes,Poor
Sunny,Weekend,Fresh,High,Long,No,Poor
Humid,Weekday,Stale,Low,Short,No,Good
Humid,Weekday,Fresh,Medium,Short,No,Poor
Humid,Weekday,Stale,Low,Short,No,Excellent
Humid,Festival,Fresh,High,Short,Yes,Excellent
Humid,Weekday,Fresh,Medium,Short,No,Excellent
Rainy,Weekday,Fresh,Low,Long,No,Good
Sunny,Weekday,Fresh,Medium,Short,Yes,Excellent
Rainy,Festival,Fresh,Medium,Long,Yes,Poor
Sunny,Festival,Fresh,High,Long,Yes,Good
Rainy,Weekday,Fresh,Low,Short,No,Good
Rainy,Weekday,Fresh,Medium,Short,No,Good
Rainy,Weekend,Stale,Low,Short,No,Poor
Sunny,Weekday,Fresh,Medium,Short,No,Good
Humid,Weekend,Stale,High,Short,No,Excellent
Rainy,Weekend,Fresh,Medium,Short,Yes,Good
Rainy,Weekend,Fresh,Low,Short,No,Good
Sunny,Festival,Stale,High,Long,No,Poor
Rainy,Weekend,Fresh,Low,Short,No,Excellent
Sunny,Festival,Fresh,Low,Short,No,Excellent
Sunny,Weekend,Fresh,Medium,Long,No,Good
Rainy,Weekday,Fresh,Low,Short,No,Excellent
Humid,Weekend,Fresh,High,Long,Yes,Excellent
Sunny,Weekend,Fresh,Medium,Long,No,Good
Sunny,Weekday,Fresh,Low,Long,No,Good
Sunny,Weekday,Fresh,Medium,Short,No,Excellent
Sunny,Weekday,Fresh,Medium,Long,No,Good
Sunny,Weekend,Fresh,High,Long,No,Poor
Rainy,Weekday,Fresh,Medium,Short,Yes,Good
Humid,Weekday,Fresh,Low,Short,No,Excellent
Humid,Weekend,Fresh,High,Long,Yes,Good
Rainy,Festival,Fresh,Medium,Long,No,Poor
Sunny,Weekend,Stale,Medium,Long,No,Good
Sunny,Weekend,Fresh,Medium,Long,No,Good
Sunny,Weekend,Fresh,Medium,Long,No,Good
Sunny,Weekday,Fresh,Medium,Long,Yes,Poor
Rainy,Weekend,Stale,Low,Short,No,Poor
Sunny,Weekend,Fresh,High,Long,No,Good
Sunny,Weekday,Fresh,Medium,Long,No,Good
Humid,Weekday,Stale,Low,Short,No,Good
Sunny,Weekend,Fresh,Medium,Long,No,Excellent
Sunny,Weekday,Fresh,Medium,Short,No,Excellent
Humid,Festival,Fresh,Medium,Short,No,Excellent
Rainy,Weekday,Fresh,Low,Short,No,Good
Sunny,Weekday,Fresh,Low,Short,No,Excellent
Humid,Weekday,Fresh,Medium,Long,No,Good
Sunny,Weekday,Fresh,High,Long,Yes,Good
Sunny,Weekday,Fresh,High,Short,No,Poor
Humid,Weekday,Stale,Low,Short,No,Good
Sunny,Festival,Fresh,High,Long,Yes,Excellent
Sunny,Weekday,Fresh,Medium,Long,No,Poor
Humid,Weekday,Fresh,Low,Short,No,Excellent
Humid,Weekend,Fresh,Low,Short,No,Poor
Sunny,Weekday,Fresh,Medium,Short,Yes,Excellent
Humid,Weekday,Stale,Low,Short,No,Poor
Sunny,Weekend,Fresh,Medium,Long,No,Good
Rainy,Weekday,Fresh,Medium,Short,No,Excellent
Sunny,Weekday,Fresh,Low,Short,No,Good
Sunny,Weekend,Stale,High,Short,No,Poor
Sunny,Weekend,Fresh,Medium,Short,No,Good
Rainy,Festival,Stale,Low,Short,No,Poor
Sunny,Weekday,Fresh,Low,Short,No,Good
Humid,Weekday,Stale,Medium,Short,No,Poor
Rainy,Weekday,Fresh,Medium,Short,Yes,Excellent
Rainy,Weekend,Fresh,Medium,Long,No,Poor
Sunny,Weekday,Fresh,Medium,Short,No,Good
Humid,Weekday,Stale,Low,Short,No,Poor
Humid,Weekday,Stale,Medium,Short,No,Poor
Humid,Weekday,Fresh,High,Short,Yes,Good
Sunny,Weekday,Fresh,Medium,Short,No,Good
Sunny,Weekday,Fresh,Low,Short,No,Good
Sunny,Weekday,Fresh,High,Long,Yes,Poor
Sunny,Weekend,Fresh,Low,Short,No,Good
Humid,Weekday,Fresh,Medium,Short,No,Excellent
Sunny,Weekend,Fresh,Medium,Long,No,Good
Sunny,Weekday,Stale,Medium,Long,No,Poor
Sunny,Weekday,Fresh,Low,Short,No,Good
Sunny,Festival,Fresh,High,Short,Yes,Good
Sunny,Weekend,Fresh,Medium,Short,No,Excellent
Rainy,Weekend,Stale,Low,Short,No,Good
Sunny,Weekday,Fresh,High,Long,Yes,Excellent
Sunny,Festival,Fresh,High,Long,No,Excellent
Humid,Weekend,Fresh,High,Long,Yes,Excellent
Sunny,Weekday,Fresh,Medium,Long,No,Poor
Sunny,Weekday,Fresh,Medium,Long,No,Excellent
Rainy,Weekday,Fresh,Low,Short,No,Good
Rainy,Weekday,Fresh,Medium,Short,No,Excellent
Humid,Weekday,Fresh,Low,Short,No,Good
Sunny,Weekday,Fresh,High,Long,Yes,Poor
Sunny,Weekday,Fresh,Low,Short,No,Good
Sunny,Weekday,Fresh,Low,Short,No,Excellent
Sunny,Weekday,Fresh,High,Long,No,Excellent
Sunny,Weekday,Fresh,Low,Short,No,Good
Sunny,Weekday,Fresh,Medium,Long,No,Poor
Humid,Weekday,Fresh,Low,Short,No,Excellent
Sunny,Weekday,Fresh,High,Long,Yes,Good
Sunny,Weekend,Fresh,Medium,Long,Yes,Excellent
Rainy,Weekday,Fresh,Medium,Long,No,Good
Sunny,Weekend,Fresh,High,Short,No,Excellent
Sunny,Festival,Fresh,High,Long,No,Good
Sunny,Weekday,Fresh,Medium,Long,Yes,Poor
Rainy,Weekday,Stale,Medium,Long,No,Poor
Humid,Weekday,Fresh,High,Long,Yes,Excellent
Humid,Weekday,Fresh,Low,Short,No,Good
Humid,Festival,Fresh,High,Long,Yes,Poor
Sunny,Festival,Fresh,High,Long,No,Good
Sunny,Weekend,Fresh,Medium,Short,No,Good
Humid,Weekend,Fresh,Low,Short,No,Good
Rainy,Weekday,Fresh,Medium,Long,No,Good
Rainy,Weekday,Fresh,Low,Short,No,Excellent
Humid,Weekday,Stale,Medium,Short,Yes,Good
Humid,Weekday,Fresh,Low,Short,No,Good
Sunny,Weekday,Stale,High,Long,Yes,Good
Rainy,Weekday,Fresh,Low,Short,No,Excellent
Sunny,Festival,Fresh,High,Long,Yes,Excellent
Sunny,Weekday,Fresh,Low,Long,No,Poor
Humid,Weekday,Fresh,High,Long,No,Excellent
Rainy,Weekday,Stale,Low,Short,No,Good
Rainy,Weekday,Fresh,Low,Short,No,Excellent
Humid,Weekday,Stale,Medium,Long,No,Good
Sunny,Weekday,Fresh,High,Long,No,Good
Sunny,Festival,Fresh,Medium,Short,No,Excellent
Rainy,Weekday,Fresh,Medium,Long,No,Good
Rainy,Weekday,Fresh,Low,Short,No,Excellent
Sunny,Weekday,Fresh,Low,Short,No,Good
Rainy,Weekday,Fresh,Medium,Short,No,Excellent
Sunny,Weekday,Fresh,Medium,Short,No,Excellent
Sunny,Weekday,Fresh,High,Long,Yes,Good
Humid,Weekday,Stale,Medium,Short,Yes,Good
Sunny,Weekday,Fresh,Medium,Short,No,Good
Sunny,Weekday,Stale,Medium,Long,No,Poor
Sunny,Weekday,Fresh,Medium,Short,No,Excellent
Humid,Weekend,Stale,Medium,Short,No,Poor
Humid,Weekday,Fresh,Medium,Short,No,Excellent
Rainy,Weekday,Fresh,Medium,Long,No,Excellent
Rainy,Festival,Stale,Medium,Short,No,Poor
Sunny,Weekday,Fresh,Medium,Long,Yes,Good
Sunny,Weekday,Fresh,Medium,Long,No,Good
Rainy,Weekday,Stale,Low,Short,No,Poor
Humid,Weekend,Fresh,High,Long,Yes,Poor
Sunny,Weekday,Fresh,Low,Short,No,Good
Sunny,Weekday,Fresh,Medium,Short,Yes,Excellent
Rainy,Weekend,Stale,Low,Short,No,Poor
Humid,Weekday,Fresh,Low,Short,No,Excellent
Sunny,Weekday,Fresh,High,Long,No,Good
Humid,Weekday,Stale,Low,Short,No,Poor
Humid,Weekend,Fresh,High,Long,Yes,Good
Sunny,Weekday,Stale,Medium,Short,No,Poor
Rainy,Weekday,Stale,Low,Short,No,Poor
Rainy,Weekday,Fresh,Low,Short,No,Excellent
Sunny,Weekday,Fresh,Low,Short,No,Excellent
Sunny,Weekday,Fresh,Medium,Short,Yes,Excellent
Sunny,Festival,Fresh,High,Short,Yes,Excellent
Rainy,Weekday,Fresh,Low,Short,No,Excellent
Humid,Weekend,Stale,Medium,Long,No,Poor
Humid,Weekday,Fresh,Medium,Long,No,Good
Humid,Weekend,Fresh,High,Long,Yes,Good
Sunny,Weekday,Fresh,Low,Short,No,Excellent
Rainy,Weekend,Stale,Low,Long,No,Poor
Sunny,Weekday,Fresh,Medium,Short,No,Excellent
Humid,Weekday,Stale,Medium,Long,No,Good
Sunny,Weekend,Fresh,Medium,Long,No,Poor
Humid,Weekend,Fresh,Medium,Short,No,Good
Rainy,Weekday,Fresh,Low,Short,No,Good
Humid,Festival,Stale,High,Long,No,Poor
Sunny,Weekend,Fresh,High,Long,No,Good
Sunny,Festival,Fresh,Medium,Short,No,Excellent
Humid,Weekday,Stale,Medium,Short,No,Poor
Sunny,Festival,Stale,High,Long,Yes,Poor
Sunny,Weekend,Fresh,Medium,Short,No,Good
Sunny,Festival,Fresh,High,Short,Yes,Good
Humid,Weekday,Fresh,Low,Short,No,Excellent
Sunny,Weekday,Fresh,Medium,Short,No,Excellent
Humid,Weekend,Fresh,Low,Long,No,Excellent
Sunny,Weekend,Fresh,High,Long,No,Poor
Humid,Weekday,Fresh,High,Long,No,Good
Sunny,Weekday,Fresh,High,Long,Yes,Excellent
Rainy,Festival,Stale,High,Long,Yes,Good
Rainy,Weekend,Fresh,High,Long,Yes,Poor
Humid,Weekday,Fresh,Medium,Long,No,Good
Humid,Weekday,Stale,Medium,Short,No,Excellent
Rainy,Weekday,Fresh,Low,Short,No,Poor
Sunny,Weekday,Fresh,Medium,Long,Yes,Good
Rainy,Weekday,Stale,Low,Short,No,Good
Sunny,Weekend,Fresh,High,Long,No,Poor
Humid,Weekday,Fresh,Low,Short,No,Good
Sunny,Weekday,Fresh,Low,Short,No,Excellent
Humid,Weekend,Stale,Low,Short,No,Good
Rainy,Weekday,Fresh,High,Long,Yes,Good
Sunny,Weekday,Fresh,High,Long,No,Good
Rainy,Weekend,Fresh,Medium,Short,No,Good
Humid,Weekend,Fresh,Medium,Short,No,Excellent
Sunny,Weekday,Fresh,Medium,Short,No,Good
Sunny,Weekend,Stale,Low,Short,No,Excellent
Sunny,Weekday,Fresh,Medium,Long,No,Excellent
Sunny,Weekday,Fresh,Medium,Long,No,Excellent
Humid,Weekend,Fresh,Medium,Long,Yes,Good
Sunny,Weekend,Stale,High,Long,Yes,Poor
Humid,Weekday,Stale,Medium,Long,No,Poor
Rainy,Weekday,Stale,Low,Short,No,Poor
Rainy,Weekday,Stale,Medium,Short,No,Poor
Rainy,Weekday,Fresh,Low,Short,No,Good
Rainy,Weekday,Stale,Medium,Short,No,Poor
Sunny,Weekend,Fresh,Medium,Long,Yes,Excellent
Rainy,Weekday,Fresh,Low,Short,No,Good
Sunny,Weekday,Fresh,Low,Short,No,Excellent
Rainy,Weekday,Fresh,Low,Short,No,Poor
Rainy,Weekday,Fresh,Low,Short,No,Excellent
Humid,Weekend,Fresh,Medium,Long,No,Good
Humid,Weekend,Stale,Medium,Long,No,Poor
Sunny,Weekend,Fresh,Low,Short,No,Excellent
Humid,Weekend,Fresh,High,Long,Yes,Good
Sunny,Weekend,Fresh,High,Long,Yes,Excellent
Sunny,Weekend,Fresh,Medium,Long,Yes,Good
Sunny,Weekday,Fresh,Low,Short,No,Excellent
Rainy,Weekend,Stale,Low,Short,No,Poor
Rainy,Weekend,Stale,Low,Short,No,Good
Sunny,Festival,Stale,High,Long,Yes,Poor
Sunny,Weekday,Fresh,Low,Short,No,Good
Sunny,Weekend,Fresh,Medium,Long,No,Poor
Sunny,Weekday,Fresh,Medium,Long,No,Excellent
Sunny,Weekday,Stale,Low,Short,No,Poor
Humid,Festival,Fresh,High,Long,Yes,Good
Sunny,Weekday,Fresh,Low,Long,No,Good
Sunny,Weekday,Fresh,Medium,Short,No,Excellent
Sunny,Weekday,Fresh,Medium,Long,No,Good
Humid,Weekday,Stale,High,Short,Yes,Good
Sunny,Weekday,Fresh,Low,Short,No,Excellent
Sunny,Weekday,Fresh,Medium,Short,Yes,Good
Humid,Festival,Stale,Medium,Long,No,Poor
Rainy,Weekend,Fresh,Low,Short,No,Good
Sunny,Weekend,Fresh,High,Short,Yes,Excellent
Humid,Weekday,Stale,Medium,Long,No,Poor
Sunny,Weekday,Fresh,High,Long,Yes,Poor
Rainy,Weekend,Fresh,High,Long,No,Good
Sunny,Weekday,Fresh,Medium,Long,Yes,Good
Humid,Weekday,Fresh,Low,Short,No,Good
Rainy,Weekday,Stale,Low,Short,No,Poor
Humid,Festival,Fresh,High,Long,No,Poor
Sunny,Weekend,Stale,High,Long,Yes,Poor
Sunny,Weekend,Stale,Medium,Long,No,Good
Rainy,Weekday,Fresh,Medium,Short,Yes,Good
Sunny,Weekend,Fresh,High,Long,Yes,Poor
Sunny,Weekday,Fresh,High,Long,No,Good
Rainy,Weekend,Fresh,Low,Short,No,Good
Sunny,Weekday,Fresh,High,Long,Yes,Poor
Sunny,Weekend,Fresh,High,Long,Yes,Excellent
Sunny,Weekday,Fresh,Low,Short,No,Good
Sunny,Weekday,Fresh,Medium,Short,Yes,Good
Humid,Weekday,Fresh,Medium,Long,Yes,Excellent
Humid,Weekday,Fresh,High,Long,Yes,Excellent
Sunny,Weekend,Fresh,High,Long,Yes,Excellent
Sunny,Weekday,Fresh,Medium,Short,No,Good
Rainy,Weekday,Fresh,Low,Long,Yes,Excellent
Rainy,Weekday,Fresh,Medium,Long,No,Good
Humid,Weekday,Stale,Low,Short,No,Good
Sunny,Weekend,Stale,Medium,Long,No,Poor
Humid,Weekday,Fresh,Medium,Short,Yes,Good
Humid,Weekday,Stale,High,Long,Yes,Poor
Sunny,Weekday,Stale,High,Long,Yes,Poor
Rainy,Festival,Fresh,High,Long,No,Good
Sunny,Weekday,Fresh,Medium,Short,No,Excellent
Humid,Weekday,Fresh,Medium,Long,Yes,Excellent
Sunny,Weekday,Stale,Medium,Long,No,Poor
Humid,Weekend,Stale,Medium,Short,No,Poor
Rainy,Festival,Stale,High,Long,Yes,Poor
Humid,Weekday,Fresh,Low,Long,No,Excellent
Sunny,Weekday,Stale,High,Long,Yes,Poor
Rainy,Weekday,Stale,Low,Short,No,Good
Humid,Weekday,Fresh,Low,Short,No,Good
Sunny,Weekend,Fresh,Low,Short,No,Good
Sunny,Weekend,Fresh,High,Short,No,Good
Rainy,Weekend,Stale,Medium,Long,No,Poor
Sunny,Weekday,Stale,Low,Short,No,Poor
Humid,Weekday,Fresh,High,Long,No,Good
Humid,Festival,Stale,Low,Short,No,Poor
Humid,Weekday,Fresh,Medium,Short,No,Poor
Rainy,Weekday,Fresh,Low,Short,No,Good
Humid,Weekday,Fresh,Low,Short,No,Excellent
Humid,Weekend,Fresh,High,Long,No,Poor
Sunny,Weekday,Fresh,Low,Short,No,Good
Rainy,Weekend,Fresh,High,Long,No,Good
Sunny,Weekend,Fresh,High,Long,Yes,Excellent
Humid,Weekend,Stale,High,Long,Yes,Poor
Sunny,Weekday,Fresh,Medium,Short,No,Excellent
Rainy,Weekday,Fresh,Medium,Long,No,Good
Rainy,Weekday,Fresh,Medium,Long,Yes,Good
Sunny,Weekday,Stale,Medium,Short,No,Good
Rainy,Weekday,Fresh,Low,Short,No,Good
Humid,Festival,Fresh,High,Long,Yes,Excellent
Sunny,Weekend,Fresh,Medium,Long,No,Excellent
Humid,Weekday,Fresh,Medium,Long,Yes,Excellent
Sunny,Weekday,Fresh,Medium,Short,No,Excellent
Humid,Weekday,Fresh,Medium,Short,No,Excellent
Sunny,Weekday,Fresh,High,Long,No,Good
Sunny,Festival,Fresh,High,Short,Yes,Good
Sunny,Weekday,Fresh,Low,Short,No,Good
Humid,Weekday,Stale,Medium,Long,No,Poor
Rainy,Weekday,Fresh,Low,Short,No,Excellent
Rainy,Festival,Stale,High,Long,Yes,Poor
Sunny,Weekday,Fresh,Low,Short,No,Excellent
Humid,Weekend,Stale,Medium,Long,No,Good
Sunny,Weekday,Fresh,Medium,Short,Yes,Excellent
Sunny,Weekday,Fresh,Medium,Short,No,Excellent
Rainy,Festival,Fresh,Medium,Short,No,Good
Sunny,Weekend,Fresh,High,Long,Yes,Good
Rainy,Weekday,Fresh,Medium,Long,Yes,Good
Humid,Festival,Fresh,Medium,Short,No,Good
Sunny,Weekday,Fresh,Medium,Long,No,Good
Rainy,Weekday,Fresh,High,Long,No,Excellent
Sunny,Festival,Stale,High,Long,Yes,Poor
Rainy,Weekday,Fresh,Medium,Long,Yes,Excellent
Sunny,Weekday,Fresh,Medium,Short,No,Good
Sunny,Weekday,Fresh,Medium,Short,No,Good
Rainy,Weekend,Fresh,Low,Short,No,Poor
Sunny,Weekday,Fresh,Low,Short,No,Poor
Sunny,Weekday,Fresh,Medium,Long,No,Good
Humid,Weekday,Fresh,Low,Short,Yes,Good
Sunny,Weekday,Fresh,Medium,Long,No,Excellent
Humid,Weekday,Stale,Low,Short,No,Good
Humid,Weekday,Stale,Low,Short,No,Poor
Rainy,Weekday,Stale,Medium,Short,No,Good
Sunny,Weekday,Stale,High,Long,Yes,Poor
Humid,Weekday,Stale,Medium,Short,Yes,Poor
Rainy,Weekend,Stale,Low,Short,No,Excellent
Humid,Weekday,Stale,Medium,Short,No,Poor
Rainy,Weekend,Fresh,Low,Short,No,Good
Sunny,Weekday,Stale,High,Long,Yes,Good
Rainy,Weekend,Stale,Medium,Long,No,Good
Humid,Weekday,Stale,Low,Short,No,Good
Rainy,Weekday,Fresh,Low,Short,No,Good
Rainy,Weekday,Fresh,Low,Short,No,Excellent
Rainy,Weekday,Fresh,Low,Short,No,Good
Sunny,Weekday,Stale,Low,Long,No,Good
Humid,Festival,Fresh,High,Long,Yes,Good
Sunny,Weekend,Fresh,Low,Short,No,Good
Sunny,Weekday,Fresh,Low,Long,No,Excellent
Sunny,Weekend,Fresh,High,Long,No,Poor
Humid,Weekday,Fresh,Low,Short,No,Excellent
Humid,Weekend,Fresh,Low,Short,No,Excellent
Rainy,Weekday,Stale,Low,Short,No,Poor
Sunny,Weekday,Fresh,High,Long,Yes,Excellent
Sunny,Weekend,Fresh,Medium,Long,No,Good
Sunny,Weekday,Fresh,High,Short,Yes,Excellent
Rainy,Weekday,Fresh,Low,Short,No,Poor
Humid,Weekday,Stale,Low,Long,No,Poor
Humid,Weekday,Fresh,Medium,Short,No,Good
Rainy,Weekend,Stale,Low,Short,No,Good
Humid,Weekday,Fresh,Medium,Long,No,Good
Sunny,Weekday,Fresh,High,Long,No,Good
Sunny,Festival,Fresh,High,Long,Yes,Excellent
Humid,Festival,Fresh,High,Long,Yes,Good
Rainy,Weekend,Fresh,Low,Short,No,Excellent
Humid,Weekday,Fresh,Low,Short,No,Good
Sunny,Weekday,Fresh,Medium,Long,No,Poor
Sunny,Weekend,Stale,Low,Short,No,Poor
Sunny,Weekend,Fresh,Medium,Short,No,Excellent
Humid,Festival,Fresh,Medium,Short,No,Good
Humid,Weekday,Fresh,Medium,Short,No,Good
Rainy,Weekday,Fresh,High,Long,Yes,Excellent
Sunny,Weekday,Fresh,Low,Short,No,Excellent
Sunny,Weekend,Fresh,High,Long,No,Good
Humid,Festival,Fresh,High,Long,Yes,Good
Rainy,Weekday,Fresh,High,Long,Yes,Good
Humid,Weekday,Stale,Low,Short,No,Poor
Humid,Weekend,Fresh,Medium,Short,No,Excellent
Rainy,Weekday,Fresh,Medium,Short,No,Excellent
Humid,Weekday,Fresh,Low,Short,No,Excellent
Rainy,Weekday,Fresh,Low,Long,No,Good
Sunny,Weekday,Stale,Medium,Short,No,Good
Sunny,Weekday,Fresh,High,Long,No,Good
Rainy,Weekday,Fresh,High,Long,Yes,Excellent
Sunny,Weekday,Fresh,Medium,Short,Yes,Excellent
Rainy,Festival,Fresh,Low,Short,No,Excellent
Humid,Weekend,Stale,High,Long,Yes,Poor
Humid,Weekday,Stale,Low,Long,No,Poor
Sunny,Festival,Stale,Medium,Short,No,Good
Rainy,Weekday,Fresh,Low,Short,No,Good
Sunny,Weekday,Fresh,Medium,Short,No,Good
Rainy,Weekend,Fresh,Low,Long,No,Excellent
Rainy,Festival,Fresh,High,Long,Yes,Excellent
Sunny,Weekend,Fresh,Medium,Long,No,Good
Sunny,Weekday,Fresh,Low,Short,No,Excellent
Rainy,Weekday,Fresh,Low,Short,No,Good
Humid,Weekday,Fresh,Medium,Long,No,Good
Sunny,Weekday,Fresh,Medium,Long,No,Excellent
Humid,Weekend,Stale,Medium,Long,No,Poor
Sunny,Weekday,Fresh,Low,Short,No,Good
Sunny,Weekday,Fresh,Low,Long,No,Excellent
Humid,Weekday,Fresh,Low,Short,Yes,Excellent
Rainy,Weekend,Fresh,Low,Short,No,Good
Rainy,Weekend,Fresh,Low,Short,No,Excellent
Sunny,Weekday,Fresh,Low,Short,No,Good
Humid,Weekday,Stale,High,Long,No,Poor
Humid,Festival,Stale,High,Long,Yes,Poor
Rainy,Weekday,Stale,Low,Short,No,Poor
Sunny,Weekday,Fresh,Low,Short,No,Excellent
Humid,Weekend,Fresh,Low,Short,No,Excellent
Rainy,Weekday,Fresh,Low,Short,No,Good
Sunny,Weekday,Stale,Medium,Short,No,Good
Sunny,Weekday,Fresh,Medium,Short,No,Excellent
Humid,Weekday,Fresh,Medium,Short,No,Good
Sunny,Weekend,Fresh,Medium,Short,No,Excellent
Rainy,Weekend,Fresh,High,Long,Yes,Good
Sunny,Weekday,Fresh,Medium,Short,No,Good
Sunny,Weekday,Stale,Medium,Long,No,Poor
Sunny,Festival,Fresh,High,Short,No,Poor
Humid,Weekday,Stale,Low,Short,No,Poor
Sunny,Weekday,Fresh,Low,Short,No,Excellent
Rainy,Weekday,Stale,Low,Short,No,Poor
Rainy,Weekday,Fresh,High,Long,Yes,Good
Rainy,Weekday,Stale,Low,Short,No,Good
Sunny,Festival,Stale,Medium,Long,No,Good
Sunny,Weekday,Stale,Medium,Short,Yes,Excellent
Sunny,Weekend,Fresh,Medium,Short,No,Good
Rainy,Weekday,Fresh,Low,Short,No,Good
Rainy,Weekday,Fresh,Low,Short,No,Good
Sunny,Weekday,Fresh,High,Long,Yes,Good
Humid,Weekend,Stale,Low,Long,No,Poor
Rainy,Weekday,Fresh,Low,Short,No,Good
Rainy,Weekday,Fresh,Low,Short,No,Excellent
Humid,Weekday,Stale,Medium,Short,No,Poor
Rainy,Festival,Fresh,High,Long,Yes,Good
Rainy,Weekend,Fresh,High,Long,Yes,Good
Sunny,Weekend,Fresh,Medium,Long,No,Excellent
Sunny,Festival,Fresh,High,Long,No,Good
Humid,Weekday,Fresh,Low,Short,No,Excellent
Sunny,Weekday,Fresh,High,Long,Yes,Good
Sunny,Weekend,Stale,Medium,Short,No,Poor
Rainy,Weekday,Fresh,Medium,Short,No,Good
Humid,Weekday,Stale,Low,Short,No,Good
Humid,Weekend,Fresh,Medium,Long,No,Excellent
Rainy,Festival,Fresh,High,Long,Yes,Good
Sunny,Weekend,Fresh,Medium,Short,No,Good
Rainy,Weekend,Fresh,Low,Short,No,Excellent
Rainy,Weekday,Fresh,Low,Short,No,Excellent
Sunny,Weekend,Stale,High,Long,Yes,Poor
Sunny,Weekday,Fresh,High,Long,Yes,Good
Sunny,Weekday,Fresh,High,Long,Yes,Good
Rainy,Weekday,Fresh,Low,Short,No,Excellent
Sunny,Weekend,Fresh,High,Long,Yes,Poor
Sunny,Festival,Fresh,High,Long,Yes,Good
Rainy,Weekend,Stale,Low,Short,No,Poor
Humid,Weekday,Stale,Low,Short,No,Poor
Humid,Weekend,Fresh,High,Long,No,Good
Humid,Weekday,Stale,Low,Short,No,Poor
Sunny,Weekend,Fresh,Medium,Long,Yes,Excellent
Sunny,Weekday,Fresh,Medium,Short,Yes,Good
Humid,Weekday,Fresh,Low,Short,No,Good
Sunny,Weekday,Fresh,Medium,Short,Yes,Good
Humid,Weekday,Fresh,High,Long,Yes,Good
Humid,Weekday,Fresh,Low,Short,No,Good
Humid,Weekday,Fresh,Medium,Long,Yes,Excellent
Humid,Weekday,Fresh,Medium,Long,No,Good
Sunny,Weekend,Fresh,High,Short,Yes,Good
Sunny,Festival,Fresh,High,Short,Yes,Excellent
Rainy,Weekend,Fresh,Low,Short,No,Good
Sunny,Weekday,Fresh,Low,Short,No,Good
Humid,Weekday,Stale,Low,Short,No,Poor
Sunny,Weekday,Fresh,Medium,Short,No,Good
Rainy,Weekday,Fresh,Medium,Short,No,Excellent
Sunny,Weekday,Fresh,Medium,Long,No,Good
Sunny,Weekday,Fresh,Medium,Long,No,Excellent
Humid,Weekend,Fresh,High,Long,No,Excellent
Humid,Weekday,Fresh,Low,Short,No,Good
Rainy,Weekend,Stale,High,Long,No,Poor
Humid,Weekend,Stale,High,Long,Yes,Poor
Sunny,Weekday,Fresh,Low,Short,No,Good
Sunny,Festival,Fresh,Medium,Long,Yes,Excellent
Humid,Weekday,Stale,Medium,Long,No,Poor
Rainy,Weekday,Fresh,Low,Short,No,Good
Sunny,Weekday,Fresh,Low,Long,No,Excellent
Rainy,Festival,Stale,Medium,Long,No,Poor
Sunny,Weekday,Fresh,Medium,Short,Yes,Excellent
Humid,Weekday,Stale,Medium,Short,No,Good
Humid,Festival,Stale,High,Long,Yes,Good
Humid,Weekday,Fresh,Medium,Long,No,Good
Rainy,Weekend,Stale,Medium,Short,Yes,Poor
Humid,Weekend,Fresh,Medium,Long,Yes,Good
Sunny,Weekday,Fresh,Medium,Short,No,Good
Humid,Weekday,Fresh,Medium,Long,No,Poor
Humid,Festival,Stale,High,Short,Yes,Excellent
Sunny,Weekday,Fresh,Medium,Short,No,Excellent
Sunny,Weekday,Stale,Low,Short,No,Good
Humid,Weekday,Stale,Medium,Short,No,Poor
Sunny,Weekday,Stale,Medium,Short,No,Poor
Sunny,Weekend,Fresh,Medium,Long,Yes,Excellent
Sunny,Weekday,Fresh,High,Short,Yes,Excellent
Sunny,Festival,Fresh,High,Long,Yes,Good
Sunny,Festival,Fresh,High,Long,No,Good
Rainy,Weekend,Fresh,Low,Short,No,Poor
Rainy,Weekend,Fresh,Low,Short,No,Excellent
Sunny,Weekday,Fresh,Low,Short,No,Excellent
Humid,Weekday,Fresh,Low,Short,No,Excellent
Rainy,Weekday,Fresh,Low,Short,No,Good
Sunny,Weekend,Fresh,High,Long,Yes,Excellent
Humid,Weekday,Fresh,Low,Long,No,Good
Sunny,Weekend,Stale,High,Long,Yes,Good
Humid,Weekday,Stale,Medium,Long,No,Poor
Rainy,Weekday,Fresh,Low,Short,No,Excellent
Sunny,Weekday,Fresh,High,Short,Yes,Excellent
Rainy,Weekday,Fresh,Medium,Long,No,Excellent
Humid,Weekend,Stale,Medium,Short,Yes,Good
Rainy,Weekend,Stale,Low,Short,No,Poor
Humid,Weekday,Stale,Medium,Long,No,Poor
Rainy,Weekend,Fresh,Low,Short,No,Excellent
Sunny,Festival,Fresh,High,Long,Yes,Good
Humid,Weekend,Fresh,High,Long,No,Good
Sunny,Weekend,Fresh,High,Long,No,Good
Humid,Weekday,Stale,Medium,Short,No,Poor
Humid,Weekend,Stale,Low,Short,No,Good
Sunny,Weekday,Fresh,Low,Short,No,Excellent
Sunny,Festival,Fresh,High,Long,Yes,Good
Rainy,Weekend,Fresh,Low,Short,Yes,Excellent
Rainy,Weekday,Stale,Low,Short,No,Poor
Humid,Weekend,Fresh,Low,Long,No,Good
Sunny,Weekend,Fresh,High,Long,Yes,Good
Humid,Weekday,Fresh,Medium,Long,No,Good
Sunny,Weekday,Fresh,Medium,Long,No,Good
Humid,Weekday,Fresh,High,Short,Yes,Good
Humid,Weekend,Stale,Low,Short,No,Good
Humid,Weekday,Stale,Medium,Long,No,Poor
Sunny,Weekday,Fresh,Medium,Short,Yes,Excellent
Sunny,Weekend,Fresh,High,Long,Yes,Excellent
Humid,Weekday,Fresh,Medium,Short,No,Good
Humid,Weekday,Stale,Low,Short,No,Good
Humid,Weekday,Stale,Low,Short,Yes,Poor
Sunny,Weekday,Fresh,Medium,Short,Yes,Good
Sunny,Weekday,Fresh,Medium,Short,No,Excellent
Humid,Weekday,Fresh,Medium,Long,No,Excellent
Humid,Festival,Fresh,Low,Short,No,Good
Rainy,Weekday,Stale,Medium,Long,Yes,Poor
Rainy,Weekday,Fresh,Medium,Short,No,Poor
Sunny,Weekday,Fresh,Low,Short,No,Excellent
Rainy,Weekend,Stale,High,Long,No,Good
Sunny,Weekend,Fresh,Medium,Short,Yes,Excellent
Humid,Weekday,Stale,Medium,Long,No,Poor
Sunny,Weekday,Fresh,Medium,Short,No,Excellent
Sunny,Weekday,Fresh,Low,Short,No,Excellent
Humid,Weekend,Stale,Medium,Long,No,Poor
Humid,Weekend,Fresh,Medium,Long,No,Good
Humid,Weekend,Fresh,Medium,Long,No,Good
Humid,Weekday,Stale,Medium,Long,No,Poor
Humid,Weekday,Fresh,Medium,Short,Yes,Good
Sunny,Weekday,Fresh,High,Short,No,Excellent
Humid,Weekday,Stale,Low,Short,No,Poor
Sunny,Weekend,Fresh,Medium,Short,No,Excellent
Humid,Weekend,Fresh,High,Long,Yes,Good
Humid,Weekend,Fresh,Medium,Short,No,Good
Humid,Weekday,Stale,Low,Short,No,Poor
Sunny,Weekday,Fresh,High,Long,No,Good
Humid,Festival,Fresh,Medium,Long,No,Excellent
Sunny,Festival,Fresh,Medium,Long,No,Excellent
Sunny,Weekend,Fresh,High,Long,No,Excellent
Sunny,Weekend,Fresh,High,Long,No,Good
Humid,Weekday,Stale,Medium,Long,No,Poor
Rainy,Weekend,Stale,High,Long,Yes,Good
Sunny,Weekend,Fresh,Medium,Long,Yes,Excellent
Sunny,Weekday,Fresh,High,Long,No,Poor
Humid,Weekend,Fresh,Medium,Long,No,Poor
Sunny,Weekday,Fresh,Low,Short,No,Excellent
Rainy,Weekday,Fresh,Medium,Short,No,Good
Sunny,Weekend,Stale,Medium,Long,No,Excellent
Sunny,Weekday,Fresh,Medium,Short,No,Good
Humid,Weekday,Fresh,Medium,Long,No,Good
Sunny,Weekday,Fresh,High,Long,Yes,Good
Sunny,Festival,Fresh,High,Long,Yes,Good
Sunny,Weekday,Stale,Medium,Short,No,Good
Humid,Weekend,Fresh,Medium,Short,No,Excellent
Rainy,Weekday,Fresh,Medium,Long,Yes,Poor
Sunny,Weekday,Fresh,Medium,Short,No,Good
Rainy,Weekday,Fresh,Low,Long,No,Good
Sunny,Weekday,Fresh,Medium,Long,No,Excellent
Humid,Weekday,Fresh,Low,Short,No,Excellent
Sunny,Weekday,Fresh,Low,Short,No,Excellent
Sunny,Weekday,Fresh,Medium,Short,No,Good
Rainy,Weekday,Fresh,Medium,Long,No,Good
Humid,Weekend,Stale,High,Long,Yes,Poor
Sunny,Weekday,Stale,High,Long,No,Poor
Sunny,Weekday,Fresh,High,Long,Yes,Excellent
Rainy,Weekday,Fresh,Medium,Short,No,Excellent
Rainy,Weekday,Fresh,Low,Short,No,Poor
Humid,Weekday,Stale,High,Short,Yes,Good
Rainy,Weekend,Fresh,High,Long,Yes,Good
Rainy,Weekday,Fresh,Low,Long,No,Excellent
Humid,Weekend,Fresh,Medium,Short,No,Excellent
Humid,Weekday,Stale,Medium,Short,No,Poor
Sunny,Weekday,Fresh,High,Long,No,Good
Sunny,Weekday,Fresh,High,Long,Yes,Good
Humid,Weekday,Fresh,Low,Short,No,Excellent
Rainy,Weekend,Fresh,Low,Long,No,Poor
Sunny,Weekday,Fresh,Low,Short,No,Poor
Sunny,Weekday,Fresh,High,Long,Yes,Good
Sunny,Weekday,Fresh,Low,Short,No,Excellent
Humid,Festival,Stale,High,Long,Yes,Poor
Sunny,Festival,Fresh,High,Long,Yes,Excellent
Rainy,Weekday,Fresh,Low,Short,No,Good
Sunny,Weekday,Fresh,Medium,Short,No,Good
Humid,Weekend,Fresh,High,Short,Yes,Good
Humid,Weekday,Fresh,Medium,Long,No,Good
Humid,Weekend,Fresh,High,Long,Yes,Poor
Sunny,Weekday,Fresh,Medium,Short,No,Good
Sunny,Weekday,Fresh,Medium,Long,Yes,Poor
Humid,Weekday,Stale,High,Long,Yes,Good
Sunny,Weekday,Fresh,Medium,Long,Yes,Excellent
Sunny,Weekday,Fresh,Low,Short,No,Excellent
Humid,Weekday,Fresh,High,Long,No,Excellent
Sunny,Festival,Fresh,High,Long,No,Good
Rainy,Weekend,Fresh,Medium,Long,No,Good
Rainy,Weekday,Fresh,Medium,Short,Yes,Excellent
Rainy,Weekend,Stale,Low,Long,No,Poor
Rainy,Weekday,Fresh,Low,Short,No,Excellent
Humid,Festival,Stale,Medium,Short,No,Poor
Sunny,Weekday,Fresh,High,Short,No,Excellent
Rainy,Weekday,Fresh,Low,Long,No,Good
Humid,Weekend,Fresh,High,Long,Yes,Good
Humid,Weekday,Stale,High,Long,No,Good
Humid,Weekday,Fresh,Medium,Short,No,Good
Rainy,Weekday,Fresh,Low,Short,No,Good
Sunny,Weekend,Fresh,Medium,Long,No,Good
Humid,Weekday,Stale,High,Long,Yes,Poor
Humid,Weekend,Fresh,High,Long,No,Excellent
Sunny,Weekend,Stale,Low,Short,No,Poor
Sunny,Weekend,Fresh,High,Long,No,Good
Sunny,Weekend,Stale,Medium,Short,Yes,Poor
Humid,Weekday,Fresh,Low,Long,No,Good
Sunny,Weekend,Stale,High,Long,Yes,Good
Sunny,Weekday,Fresh,Low,Short,No,Excellent
Rainy,Weekday,Stale,Medium,Long,No,Poor
Humid,Weekday,Stale,High,Long,Yes,Poor
Humid,Weekday,Fresh,Medium,Short,No,Excellent
Rainy,Weekday,Fresh,Low,Short,No,Poor
Sunny,Weekday,Fresh,Medium,Long,Yes,Excellent
Humid,Festival,Fresh,High,Long,No,Good
Sunny,Weekday,Stale,Low,Long,No,Poor
Sunny,Weekday,Fresh,High,Long,No,Good
Rainy,Weekday,Fresh,Low,Short,No,Good
Sunny,Weekday,Stale,High,Long,No,Poor
Rainy,Weekday,Stale,Medium,Short,Yes,Excellent
Rainy,Weekday,Fresh,Low,Short,No,Good
Humid,Weekday,Fresh,Low,Short,No,Good
Rainy,Weekend,Fresh,Low,Short,No,Poor
Sunny,Weekday,Stale,Low,Long,No,Good
Sunny,Weekday,Fresh,Medium,Long,No,Excellent
Humid,Weekend,Fresh,Medium,Long,No,Poor
Sunny,Festival,Fresh,High,Long,Yes,Good
Sunny,Weekday,Fresh,Medium,Short,Yes,Excellent
Sunny,Festival,Stale,High,Long,No,Good
Rainy,Weekday,Fresh,Low,Short,No,Excellent
Sunny,Weekday,Fresh,High,Long,Yes,Poor
Sunny,Weekday,Fresh,Low,Short,No,Excellent
Rainy,Weekday,Fresh,Low,Long,No,Poor
Sunny,Festival,Fresh,High,Long,Yes,Good
Rainy,Festival,Stale,High,Long,No,Good
Rainy,Weekday,Fresh,Low,Short,No,Excellent
Humid,Weekday,Fresh,Low,Short,Yes,Excellent
Sunny,Weekday,Fresh,Low,Short,No,Good
Sunny,Festival,Fresh,High,Long,Yes,Good
Sunny,Weekday,Fresh,Medium,Long,Yes,Excellent
Sunny,Weekday,Stale,Medium,Short,Yes,Excellent
Sunny,Weekend,Fresh,Medium,Short,No,Good
Sunny,Weekday,Fresh,Low,Short,No,Good
Rainy,Weekday,Fresh,Low,Short,No,Excellent
Humid,Festival,Fresh,High,Long,No,Excellent
Rainy,Weekend,Fresh,Low,Short,No,Good
Humid,Weekday,Fresh,Low,Short,No,Excellent
Sunny,Festival,Fresh,Medium,Long,No,Excellent
Humid,Weekday,Stale,Medium,Long,No,Poor
Sunny,Weekday,Fresh,Medium,Long,Yes,Good
Sunny,Festival,Fresh,High,Long,Yes,Good
Rainy,Weekday,Fresh,Low,Short,No,Good
Sunny,Weekend,Fresh,Low,Short,No,Excellent
Sunny,Weekend,Fresh,High,Long,Yes,Excellent
Sunny,Weekday,Fresh,Medium,Long,No,Excellent
Humid,Festival,Stale,Medium,Short,Yes,Poor
Humid,Weekday,Fresh,Low,Short,No,Good
Sunny,Weekday,Fresh,Low,Short,No,Good
Humid,Weekday,Stale,Medium,Short,No,Poor
Sunny,Weekday,Fresh,Low,Short,No,Good
Rainy,Festival,Fresh,Medium,Short,Yes,Good
Humid,Weekend,Fresh,High,Long,No,Good
Humid,Weekday,Stale,Low,Short,No,Good
Humid,Weekend,Stale,Medium,Long,No,Excellent
Humid,Weekend,Fresh,Low,Short,No,Excellent
Rainy,Weekend,Fresh,Low,Short,No,Excellent
Rainy,Weekday,Fresh,Low,Short,No,Excellent
Sunny,Weekday,Fresh,High,Long,No,Poor
Humid,Weekend,Stale,High,Long,No,Good
Sunny,Weekend,Fresh,Medium,Long,No,Excellent
Sunny,Weekday,Fresh,Medium,Long,No,Good
Sunny,Weekday,Fresh,Low,Short,No,Excellent
Sunny,Weekday,Fresh,Medium,Short,No,Good
Rainy,Weekday,Stale,Low,Short,No,Good
Humid,Festival,Fresh,High,Long,Yes,Excellent
Rainy,Weekday,Fresh,Low,Short,No,Good
Humid,Weekend,Fresh,High,Long,No,Good
Sunny,Weekday,Fresh,Low,Short,No,Excellent
Sunny,Weekday,Fresh,Medium,Long,Yes,Good
Sunny,Weekday,Fresh,Low,Short,Yes,Good
Sunny,Weekday,Fresh,Medium,Long,Yes,Poor
Sunny,Weekday,Stale,High,Long,Yes,Poor
Rainy,Weekend,Fresh,Low,Short,No,Good
Sunny,Festival,Fresh,Medium,Short,Yes,Excellent
Sunny,Festival,Fresh,Medium,Short,No,Good
Humid,Weekend,Fresh,Medium,Long,No,Excellent
Humid,Weekday,Stale,Low,Short,No,Poor
Humid,Weekday,Fresh,Low,Short,No,Excellent
Humid,Weekend,Fresh,High,Short,No,Good
Sunny,Weekday,Fresh,Medium,Short,No,Good
Sunny,Weekend,Fresh,High,Long,Yes,Excellent
Sunny,Weekend,Fresh,High,Long,Yes,Excellent
Sunny,Weekday,Fresh,Medium,Short,No,Good
Rainy,Weekend,Fresh,High,Long,Yes,Excellent
Rainy,Weekday,Fresh,Low,Short,No,Good
Humid,Weekday,Stale,Low,Short,No,Poor
Sunny,Festival,Fresh,High,Long,No,Good
Sunny,Weekend,Fresh,Medium,Short,No,Good
Rainy,Weekend,Fresh,High,Long,Yes,Excellent
Rainy,Festival,Fresh,Low,Short,No,Good
Humid,Weekday,Stale,Medium,Short,Yes,Poor
Sunny,Weekend,Fresh,Medium,Short,No,Good
Sunny,Weekday,Fresh,Medium,Long,No,Good
Humid,Weekday,Fresh,Medium,Long,No,Excellent
Rainy,Weekday,Fresh,Low,Short,No,Excellent
Sunny,Weekday,Stale,Low,Short,No,Good
Sunny,Weekend,Fresh,Low,Short,No,Excellent
Sunny,Weekend,Fresh,Medium,Long,No,Poor
Sunny,Weekend,Fresh,Medium,Long,No,Good
Rainy,Weekday,Fresh,Medium,Short,Yes,Excellent
Humid,Weekend,Fresh,High,Long,No,Good
Rainy,Weekday,Fresh,Low,Long,No,Good
Sunny,Weekday,Fresh,Medium,Long,Yes,Good
Sunny,Weekend,Fresh,Medium,Short,No,Excellent
Rainy,Weekday,Stale,Low,Short,No,Poor
Humid,Festival,Fresh,Medium,Short,Yes,Good
Sunny,Weekday,Fresh,Low,Short,No,Good
Sunny,Weekday,Fresh,Medium,Short,Yes,Excellent
Humid,Weekend,Fresh,Medium,Long,No,Excellent
Humid,Weekend,Stale,High,Long,No,Poor
Humid,Weekday,Fresh,Low,Short,No,Excellent
Sunny,Weekday,Fresh,Medium,Short,No,Good
Rainy,Weekday,Fresh,Medium,Short,Yes,Good
Humid,Weekday,Fresh,Low,Short,No,Excellent
Humid,Weekday,Fresh,Low,Short,No,Excellent
Humid,Weekend,Stale,Medium,Short,Yes,Poor
Sunny,Weekend,Fresh,Medium,Short,No,Good
Sunny,Weekday,Fresh,Low,Long,No,Good
Sunny,Weekday,Fresh,Medium,Short,No,Excellent
Sunny,Weekday,Fresh,Medium,Long,Yes,Poor
Sunny,Weekend,Fresh,High,Long,Yes,Excellent
Sunny,Weekday,Fresh,Medium,Short,Yes,Good
Sunny,Festival,Stale,High,Long,No,Good
Sunny,Weekday,Fresh,Medium,Short,No,Good
Rainy,Weekday,Fresh,Low,Short,No,Poor
Sunny,Weekend,Fresh,High,Short,Yes,Good
Sunny,Festival,Fresh,Low,Short,No,Excellent
Rainy,Weekday,Fresh,Low,Short,No,Good
Humid,Weekend,Fresh,Medium,Long,No,Excellent
Sunny,Weekday,Stale,High,Long,No,Poor
Sunny,Weekday,Stale,Medium,Long,No,Good
Humid,Weekday,Stale,Low,Short,No,Good
Sunny,Weekday,Fresh,Low,Short,No,Excellent
Rainy,Weekday,Stale,Low,Short,No,Poor
Rainy,Weekend,Stale,Low,Short,No,Good
Sunny,Weekday,Fresh,Medium,Long,No,Good
Sunny,Weekday,Fresh,Medium,Long,Yes,Good
Rainy,Weekday,Fresh,Low,Short,No,Excellent
Sunny,Weekday,Fresh,High,Short,Yes,Good
Humid,Weekday,Stale,Medium,Long,Yes,Good
Rainy,Weekday,Stale,Medium,Short,No,Poor
Rainy,Weekday,Fresh,Low,Short,No,Excellent
Rainy,Weekend,Stale,Low,Short,No,Excellent
Humid,Weekday,Fresh,High,Long,Yes,Good
Rainy,Weekend,Stale,Low,Short,No,Poor
Humid,Weekday,Fresh,Low,Long,No,Excellent
Sunny,Weekday,Fresh,High,Long,No,Excellent
Humid,Weekday,Stale,Medium,Long,No,Poor
Sunny,Weekend,Fresh,Medium,Short,No,Excellent
Rainy,Festival,Fresh,Medium,Long,Yes,Poor
Rainy,Weekend,Fresh,Medium,Short,Yes,Excellent
Sunny,Weekday,Fresh,Low,Short,No,Excellent
Sunny,Weekend,Fresh,Medium,Short,No,Excellent
Sunny,Weekday,Fresh,High,Long,No,Good
Humid,Festival,Fresh,High,Long,Yes,Excellent
Rainy,Weekday,Fresh,Low,Short,No,Good
Rainy,Weekend,Fresh,High,Long,Yes,Good
Rainy,Weekday,Fresh,Low,Short,No,Good
Humid,Weekend,Fresh,High,Short,No,Excellent
Humid,Weekday,Fresh,Medium,Short,No,Good
Sunny,Weekday,Fresh,Medium,Long,Yes,Excellent
Sunny,Weekend,Fresh,Medium,Long,Yes,Good
Sunny,Weekday,Fresh,Medium,Long,Yes,Good
Rainy,Weekday,Fresh,Low,Short,No,Excellent
Sunny,Weekday,Fresh,Medium,Long,Yes,Excellent
Sunny,Weekday,Fresh,Medium,Short,No,Good
Sunny,Weekday,Fresh,Medium,Short,No,Good
Sunny,Weekday,Fresh,Medium,Long,No,Good
Humid,Weekday,Fresh,Low,Short,No,Good
Sunny,Weekday,Fresh,Medium,Short,Yes,Excellent
Sunny,Weekend,Fresh,Medium,Short,No,Good
Rainy,Weekday,Stale,Medium,Long,Yes,Good
Rainy,Weekend,Fresh,High,Long,Yes,Excellent
Humid,Weekday,Stale,High,Long,Yes,Good
Humid,Weekday,Stale,Low,Short,No,Poor
Sunny,Weekend,Fresh,High,Long,No,Good
Rainy,Weekday,Fresh,Low,Short,No,Good
Rainy,Weekday,Fresh,Low,Short,No,Excellent
Humid,Weekday,Stale,Low,Short,No,Good
Sunny,Weekday,Fresh,High,Long,Yes,Good
Sunny,Weekday,Fresh,Medium,Short,No,Excellent
Sunny,Festival,Fresh,High,Long,Yes,Poor
Sunny,Weekday,Fresh,High,Long,Yes,Good
Sunny,Weekday,Fresh,Medium,Long,No,Poor
Sunny,Weekend,Fresh,High,Long,Yes,Good
Sunny,Weekday,Fresh,Low,Short,No,Excellent
Sunny,Weekday,Fresh,Medium,Long,No,Excellent
Sunny,Weekday,Fresh,Medium,Long,No,Good
Sunny,Weekday,Stale,Medium,Short,No,Poor
Sunny,Weekend,Fresh,Low,Short,No,Good
Humid,Weekday,Fresh,Low,Short,No,Good
Humid,Weekend,Stale,High,Long,Yes,Poor
Sunny,Weekday,Fresh,Low,Short,No,Good
Rainy,Weekday,Fresh,Medium,Long,No,Excellent
Humid,Festival,Stale,High,Long,Yes,Poor
Humid,Weekend,Stale,Low,Short,No,Good
Humid,Festival,Fresh,Low,Short,No,Excellent
Rainy,Weekday,Fresh,Medium,Long,No,Good
Rainy,Weekday,Fresh,Low,Short,No,Good
Rainy,Weekday,Fresh,Low,Short,No,Excellent
Humid,Weekend,Fresh,High,Long,Yes,Excellent
Humid,Weekday,Fresh,Low,Short,Yes,Good
Sunny,Weekend,Fresh,Medium,Short,No,Good
Humid,Weekday,Fresh,Medium,Long,No,Good
Sunny,Festival,Fresh,High,Long,No,Good
Sunny,Weekday,Fresh,Medium,Long,Yes,Excellent
Sunny,Weekday,Fresh,Low,Long,No,Excellent
Sunny,Weekday,Fresh,Medium,Long,No,Good
Sunny,Weekday,Fresh,Medium,Long,No,Good
Humid,Festival,Stale,High,Long,No,Poor
Humid,Weekday,Stale,Medium,Long,No,Poor
Rainy,Weekend,Fresh,Low,Short,No,Excellent
Sunny,Weekday,Fresh,Medium,Short,Yes,Good
Humid,Weekday,Stale,Medium,Long,No,Poor
Rainy,Weekday,Fresh,Low,Short,No,Good
Sunny,Weekday,Fresh,Low,Long,No,Excellent
Sunny,Weekday,Stale,Medium,Short,No,Good
Sunny,Weekday,Fresh,Medium,Long,No,Excellent
Humid,Weekday,Fresh,Low,Short,No,Excellent
Sunny,Weekday,Stale,Medium,Long,No,Poor
Humid,Weekday,Fresh,Medium,Long,Yes,Excellent
Sunny,Weekday,Fresh,Low,Short,No,Excellent
Humid,Weekday,Stale,Low,Short,No,Excellent
Humid,Weekday,Fresh,Medium,Long,No,Excellent
Humid,Festival,Stale,High,Long,No,Poor
Sunny,Weekend,Fresh,High,Long,Yes,Excellent
Humid,Weekday,Fresh,Medium,Short,No,Excellent
Humid,Weekend,Fresh,High,Long,Yes,Excellent
Humid,Weekday,Fresh,Low,Short,No,Excellent
Sunny,Weekday,Fresh,Medium,Long,No,Excellent
Rainy,Weekend,Fresh,High,Long,Yes,Good
Humid,Weekend,Stale,Medium,Long,Yes,Excellent
Sunny,Weekend,Fresh,Medium,Long,Yes,Good
Sunny,Weekend,Fresh,Medium,Short,No,Poor
Humid,Weekend,Fresh,Low,Short,No,Excellent
Humid,Weekend,Stale,High,Long,No,Poor
Sunny,Weekday,Fresh,Medium,Long,Yes,Excellent
Sunny,Festival,Fresh,High,Long,Yes,Excellent
Sunny,Weekday,Fresh,Medium,Long,No,Poor
Rainy,Weekday,Stale,Low,Short,No,Good
Sunny,Weekday,Fresh,High,Long,No,Poor
Sunny,Weekday,Fresh,Medium,Short,Yes,Excellent
Humid,Weekday,Stale,Low,Short,No,Good
Sunny,Weekend,Fresh,High,Short,No,Excellent
Sunny,Weekday,Fresh,High,Long,No,Excellent
Rainy,Festival,Stale,High,Long,No,Poor
Sunny,Weekday,Fresh,Medium,Long,No,Good
Humid,Weekday,Fresh,Medium,Long,No,Excellent
Sunny,Weekday,Fresh,High,Long,Yes,Excellent
Sunny,Weekday,Fresh,Medium,Short,No,Excellent
Rainy,Weekend,Fresh,Low,Long,No,Excellent
Rainy,Weekday,Fresh,Low,Long,No,Good
Sunny,Weekday,Fresh,Medium,Short,No,Good
Sunny,Weekday,Fresh,Low,Short,No,Good
Sunny,Weekday,Fresh,Medium,Long,Yes,Excellent
Sunny,Weekend,Fresh,Medium,Short,No,Excellent
Humid,Weekend,Fresh,Medium,Short,No,Excellent
Rainy,Weekend,Fresh,Low,Short,Yes,Good
Rainy,Festival,Fresh,Medium,Long,No,Poor
Humid,Festival,Fresh,Low,Short,No,Poor
Sunny,Weekend,Fresh,Medium,Long,No,Excellent
Sunny,Weekday,Fresh,Medium,Short,Yes,Excellent
Humid,Weekday,Fresh,Low,Short,No,Excellent
Humid,Weekday,Fresh,Low,Short,No,Good
Sunny,Weekday,Fresh,High,Long,Yes,Good
Sunny,Weekday,Fresh,High,Long,Yes,Poor
Rainy,Weekday,Stale,Low,Short,No,Poor
Sunny,Weekend,Fresh,High,Long,Yes,Excellent
Sunny,Weekday,Fresh,High,Short,No,Excellent
Sunny,Weekend,Fresh,High,Long,No,Excellent
Rainy,Weekday,Stale,Low,Short,No,Poor
Sunny,Weekday,Fresh,Medium,Short,Yes,Good
Sunny,Weekday,Fresh,Medium,Long,No,Excellent
Sunny,Weekday,Fresh,Medium,Long,Yes,Good
Humid,Weekday,Fresh,High,Long,No,Good
Sunny,Weekday,Fresh,Medium,Long,No,Good
Rainy,Weekday,Fresh,Medium,Long,No,Good
Sunny,Weekend,Fresh,High,Long,No,Good
Humid,Weekday,Stale,Low,Short,No,Poor
Sunny,Festival,Fresh,High,Long,No,Good
Rainy,Weekday,Fresh,Low,Short,No,Excellent
Sunny,Weekday,Fresh,Medium,Long,No,Good
Humid,Weekday,Stale,Low,Short,No,Poor
Rainy,Weekend,Fresh,Low,Short,No,Excellent
Sunny,Weekday,Fresh,High,Long,Yes,Good
Sunny,Weekend,Fresh,Low,Short,No,Good
Humid,Weekday,Fresh,Low,Short,No,Good
Humid,Weekday,Fresh,Low,Short,No,Good
Humid,Weekday,Fresh,High,Long,Yes,Excellent
Rainy,Weekday,Stale,Low,Short,No,Good
Humid,Weekday,Stale,Low,Short,No,Poor
Humid,Weekend,Fresh,High,Long,Yes,Good
Humid,Weekend,Stale,Medium,Short,No,Good
Humid,Weekday,Fresh,Medium,Long,No,Good
Sunny,Weekday,Fresh,Low,Short,No,Excellent
Sunny,Weekday,Fresh,High,Long,No,Excellent
Sunny,Weekend,Fresh,High,Short,No,Excellent
Sunny,Weekday,Fresh,Low,Short,No,Excellent
Sunny,Weekday,Stale,Low,Short,No,Excellent
Rainy,Weekday,Fresh,Low,Long,No,Good
Sunny,Festival,Fresh,High,Long,Yes,Good
Sunny,Weekend,Fresh,High,Long,No,Good
Humid,Weekday,Fresh,Medium,Long,No,Good
Sunny,Weekend,Fresh,High,Long,Yes,Good
Sunny,Weekday,Fresh,Medium,Short,No,Good
Sunny,Weekday,Fresh,Low,Long,No,Good
Humid,Weekend,Stale,Medium,Short,No,Good
Humid,Weekday,Fresh,High,Long,Yes,Excellent
Rainy,Weekend,Fresh,Medium,Long,No,Poor
Rainy,Festival,Fresh,Medium,Long,No,Good
Sunny,Weekday,Fresh,Medium,Long,No,Poor
Humid,Weekend,Stale,High,Long,Yes,Poor
Sunny,Weekend,Stale,Medium,Short,No,Good
Sunny,Weekday,Fresh,Low,Short,No,Good
Rainy,Weekday,Fresh,Low,Short,No,Good
Sunny,Weekday,Stale,High,Long,Yes,Excellent
Sunny,Weekday,Fresh,Medium,Long,No,Excellent
Humid,Weekday,Fresh,High,Long,Yes,Good
Humid,Weekday,Fresh,Low,Short,No,Good
Sunny,Weekday,Fresh,Low,Short,No,Good
Rainy,Weekday,Fresh,Medium,Short,No,Excellent
Sunny,Weekday,Stale,Medium,Long,Yes,Good
Humid,Weekend,Stale,Medium,Short,No,Poor
Sunny,Weekend,Fresh,High,Long,Yes,Excellent
Rainy,Weekend,Fresh,Low,Short,No,Excellent
Sunny,Weekend,Fresh,High,Long,Yes,Good
Sunny,Weekend,Fresh,High,Long,Yes,Excellent
Rainy,Weekday,Fresh,Low,Short,No,Good
Rainy,Weekday,Fresh,Low,Short,No,Excellent
Rainy,Weekday,Fresh,Low,Short,No,Good
Rainy,Weekend,Stale,Medium,Long,No,Poor
Sunny,Weekday,Fresh,Medium,Short,Yes,Excellent
Sunny,Weekday,Fresh,High,Long,Yes,Excellent
Humid,Weekday,Fresh,Medium,Long,No,Good
Sunny,Festival,Fresh,High,Long,No,Good
Rainy,Weekday,Fresh,Low,Short,No,Poor
Sunny,Weekday,Stale,Low,Short,No,Poor
Sunny,Weekend,Fresh,Medium,Short,No,Excellent
Sunny,Weekday,Stale,High,Long,Yes,Poor
Sunny,Weekday,Fresh,High,Short,Yes,Good
Humid,Weekday,Fresh,Low,Short,No,Excellent
Sunny,Festival,Fresh,High,Long,No,Poor
Rainy,Weekday,Fresh,Low,Short,No,Excellent
Humid,Weekend,Fresh,High,Long,Yes,Good
Sunny,Weekday,Fresh,Low,Short,No,Good
Rainy,Weekday,Fresh,Low,Short,No,Good
Rainy,Weekday,Fresh,Low,Short,No,Excellent
Sunny,Weekday,Fresh,Medium,Short,No,Poor
Rainy,Weekday,Fresh,Low,Short,No,Excellent
Rainy,Weekday,Fresh,Medium,Short,No,Good
Humid,Weekend,Stale,Medium,Long,Yes,Poor
Sunny,Weekday,Fresh,Medium,Long,No,Excellent
Rainy,Weekday,Fresh,Medium,Short,No,Excellent
Rainy,Weekend,Fresh,Low,Short,No,Excellent
Sunny,Weekend,Fresh,High,Long,Yes,Poor
Sunny,Weekday,Fresh,Medium,Short,No,Good
Rainy,Weekday,Fresh,Low,Short,No,Excellent
Humid,Weekday,Fresh,Medium,Short,No,Excellent
Sunny,Weekday,Fresh,Low,Short,No,Excellent
Humid,Weekday,Stale,Low,Long,No,Good
Sunny,Weekday,Fresh,High,Short,No,Good
Rainy,Festival,Stale,Low,Short,No,Poor
Sunny,Weekend,Fresh,Medium,Long,No,Good
Sunny,Weekday,Fresh,Medium,Long,Yes,Excellent
Sunny,Weekday,Fresh,Medium,Long,No,Good
Sunny,Weekday,Stale,High,Long,No,Good
Rainy,Festival,Fresh,Medium,Long,No,Good
Sunny,Weekday,Fresh,Medium,Long,No,Excellent
Humid,Weekend,Fresh,High,Long,Yes,Good
Rainy,Weekday,Stale,Low,Short,No,Good
Sunny,Weekday,Fresh,Medium,Long,No,Good
Sunny,Weekend,Fresh,Medium,Short,No,Good
Rainy,Weekday,Fresh,Medium,Short,No,Excellent
Sunny,Weekday,Stale,Medium,Short,Yes,Poor
Rainy,Weekday,Stale,Low,Short,No,Excellent
Rainy,Weekend,Fresh,Medium,Long,Yes,Poor
Sunny,Weekday,Fresh,Medium,Short,No,Good
Humid,Festival,Stale,High,Short,No,Poor
Humid,Weekday,Fresh,Low,Short,No,Excellent
Humid,Weekend,Stale,High,Long,No,Poor
Sunny,Weekday,Fresh,Medium,Long,No,Good
Sunny,Weekend,Fresh,Medium,Short,No,Excellent
Sunny,Weekday,Fresh,Medium,Short,No,Excellent
Sunny,Weekday,Fresh,Medium,Long,Yes,Poor
Sunny,Festival,Fresh,High,Short,Yes,Excellent
Rainy,Weekday,Fresh,Medium,Short,No,Good
Rainy,Weekday,Stale,Medium,Short,No,Good
Sunny,Weekday,Fresh,Medium,Long,No,Poor
Humid,Festival,Fresh,High,Long,No,Excellent
Humid,Weekend,Fresh,Medium,Long,Yes,Good
Sunny,Weekday,Fresh,Medium,Short,No,Excellent
Sunny,Weekday,Stale,Medium,Short,Yes,Poor
Rainy,Weekday,Fresh,Low,Short,No,Excellent
Sunny,Weekday,Stale,Medium,Long,No,Good
Humid,Festival,Fresh,Medium,Short,No,Excellent
Rainy,Weekend,Fresh,Low,Short,No,Excellent
Sunny,Weekend,Fresh,Medium,Long,No,Good
Rainy,Weekday,Fresh,High,Long,No,Good
Sunny,Weekday,Fresh,Low,Short,No,Good
Humid,Weekday,Fresh,Medium,Short,Yes,Excellent
Rainy,Weekend,Fresh,Medium,Short,No,Good
Rainy,Weekday,Fresh,Medium,Short,No,Good
Rainy,Weekday,Fresh,Low,Short,No,Excellent
Humid,Weekday,Fresh,High,Long,Yes,Excellent
Rainy,Weekday,Fresh,Medium,Short,No,Good
Sunny,Festival,Fresh,High,Long,No,Excellent
Humid,Weekday,Fresh,Medium,Short,No,Excellent
Sunny,Festival,Fresh,High,Long,Yes,Good
Sunny,Weekday,Fresh,Medium,Long,No,Poor
Sunny,Weekday,Fresh,High,Long,Yes,Good
Humid,Weekday,Fresh,Medium,Long,No,Excellent
Rainy,Weekend,Fresh,Medium,Long,Yes,Excellent
Sunny,Festival,Fresh,High,Long,No,Poor
Rainy,Weekday,Fresh,Low,Short,No,Excellent
Sunny,Weekend,Fresh,High,Long,Yes,Good
Sunny,Weekend,Fresh,High,Short,Yes,Excellent
Rainy,Festival,Stale,Low,Short,No,Good
Rainy,Weekday,Stale,Low,Short,No,Good
Humid,Weekday,Fresh,High,Long,Yes,Excellent
Sunny,Weekday,Stale,Medium,Long,No,Poor
Humid,Weekday,Fresh,Low,Short,No,Good
Rainy,Weekday,Fresh,Low,Short,No,Excellent
Sunny,Weekday,Fresh,Medium,Short,No,Good
Rainy,Weekend,Stale,Low,Short,Yes,Good
Rainy,Weekday,Fresh,High,Long,Yes,Good
Humid,Weekday,Stale,High,Long,No,Poor
Rainy,Weekday,Fresh,Low,Short,No,Poor
Sunny,Weekday,Fresh,Low,Short,No,Good
Humid,Weekend,Fresh,High,Long,No,Excellent
Humid,Weekday,Fresh,Medium,Long,No,Excellent
Sunny,Weekday,Fresh,Medium,Long,No,Excellent
Humid,Weekday,Stale,Medium,Short,No,Good
Humid,Festival,Stale,High,Long,Yes,Poor
Humid,Weekday,Fresh,Low,Long,No,Good
Sunny,Weekday,Fresh,Medium,Short,No,Good
Rainy,Weekend,Fresh,High,Long,No,Good
Rainy,Festival,Fresh,Medium,Short,No,Excellent
Sunny,Weekend,Fresh,High,Long,No,Poor
Rainy,Weekend,Fresh,Low,Long,No,Good
Humid,Weekday,Fresh,Low,Short,No,Excellent
Sunny,Festival,Fresh,Medium,Short,No,Excellent
Rainy,Weekend,Fresh,Medium,Long,No,Good
Sunny,Weekday,Fresh,Medium,Short,No,Excellent
Humid,Weekend,Fresh,Medium,Short,No,Good
Rainy,Festival,Stale,Medium,Long,No,Poor
Humid,Weekend,Stale,Medium,Long,No,Excellent
Sunny,Weekend,Fresh,High,Long,Yes,Good
Rainy,Weekend,Fresh,Low,Short,No,Excellent
Humid,Weekend,Fresh,Medium,Short,Yes,Good
Rainy,Weekend,Fresh,Medium,Short,No,Poor
Sunny,Weekday,Fresh,Medium,Long,No,Poor
Rainy,Weekday,Fresh,Medium,Long,No,Good
Rainy,Weekday,Fresh,Low,Short,No,Good
Sunny,Weekday,Fresh,High,Long,No,Excellent
Sunny,Weekday,Fresh,Medium,Long,Yes,Good
Sunny,Weekday,Fresh,Low,Short,No,Excellent
Sunny,Festival,Fresh,High,Long,Yes,Good
Sunny,Festival,Fresh,High,Long,No,Good
Sunny,Weekday,Fresh,Medium,Long,No,Good
Sunny,Weekend,Stale,High,Long,Yes,Good
Rainy,Weekday,Stale,Low,Short,No,Poor
Sunny,Weekend,Fresh,High,Long,Yes,Excellent
Humid,Weekday,Fresh,Low,Short,No,Excellent
Sunny,Weekday,Fresh,Medium,Short,No,Good
Sunny,Weekday,Fresh,High,Long,No,Good
Rainy,Weekday,Fresh,Low,Short,No,Good
Humid,Weekend,Stale,Low,Short,No,Poor
Humid,Weekday,Stale,Medium,Short,No,Poor
Sunny,Weekend,Fresh,High,Short,No,Good
Humid,Festival,Stale,Medium,Long,No,Poor
Rainy,Weekday,Fresh,Medium,Short,No,Poor
Sunny,Weekday,Fresh,Medium,Short,No,Good
Humid,Festival,Fresh,Low,Short,No,Poor
Humid,Weekday,Fresh,Low,Short,No,Poor
Sunny,Weekend,Fresh,High,Long,Yes,Good
Rainy,Weekend,Stale,Low,Long,No,Poor
Humid,Weekday,Stale,High,Long,Yes,Poor
Sunny,Weekday,Fresh,Medium,Short,No,Excellent
Rainy,Weekend,Stale,Low,Short,No,Poor
Rainy,Weekday,Fresh,Low,Short,No,Excellent
Humid,Weekend,Fresh,Low,Short,No,Excellent
Rainy,Festival,Fresh,Low,Long,No,Excellent
Sunny,Weekend,Fresh,Medium,Short,No,Poor
Humid,Weekend,Stale,High,Long,Yes,Poor
Humid,Weekday,Fresh,High,Long,No,Good
Rainy,Weekend,Stale,Low,Short,No,Good
Humid,Weekday,Fresh,Low,Short,No,Good
Humid,Weekday,Stale,Low,Long,No,Excellent
Sunny,Weekend,Fresh,High,Long,Yes,Good
Humid,Weekday,Fresh,Low,Short,No,Good
Humid,Weekday,Stale,Low,Short,No,Poor
Rainy,Weekday,Fresh,Low,Short,No,Good
Rainy,Weekday,Fresh,Low,Short,No,Excellent
Humid,Weekday,Stale,Medium,Long,No,Poor
Rainy,Weekend,Fresh,Low,Short,No,Excellent
Sunny,Weekend,Fresh,Medium,Short,No,Excellent
Rainy,Weekend,Fresh,Low,Short,No,Excellent
Humid,Weekend,Fresh,High,Long,No,Good
Rainy,Weekday,Fresh,Low,Short,No,Excellent
Sunny,Weekday,Fresh,High,Long,Yes,Good
Humid,Weekend,Fresh,High,Long,Yes,Good
Rainy,Weekday,Fresh,Low,Short,No,Good
Sunny,Weekend,Fresh,Medium,Short,Yes,Good
Sunny,Weekday,Fresh,Medium,Short,No,Excellent
Humid,Weekend,Fresh,Medium,Short,No,Excellent
Rainy,Weekend,Fresh,Low,Short,No,Excellent
Sunny,Weekend,Fresh,High,Long,Yes,Good
Rainy,Weekday,Fresh,Medium,Long,No,Excellent
Sunny,Weekday,Fresh,Medium,Short,No,Excellent
Sunny,Festival,Fresh,High,Long,Yes,Poor
Humid,Weekend,Fresh,Low,Short,No,Excellent
Humid,Weekday,Stale,Low,Short,No,Good
Rainy,Weekend,Fresh,Low,Short,No,Excellent
Rainy,Weekday,Fresh,Low,Short,No,Good
Sunny,Weekday,Fresh,Low,Short,No,Excellent
Humid,Weekday,Fresh,Medium,Short,No,Excellent
Humid,Weekend,Fresh,Low,Long,No,Good
Sunny,Weekday,Fresh,Low,Short,No,Excellent
Rainy,Weekday,Fresh,Low,Short,No,Excellent
Rainy,Festival,Stale,Medium,Short,No,Good
Humid,Weekend,Fresh,Medium,Short,Yes,Good
Rainy,Weekday,Stale,Low,Short,No,Good
Sunny,Weekend,Fresh,High,Long,Yes,Good
Sunny,Weekend,Fresh,High,Short,Yes,Excellent
Rainy,Weekday,Stale,High,Long,No,Poor
Sunny,Weekend,Fresh,Medium,Long,No,Excellent
Humid,Weekday,Stale,Medium,Short,No,Good
Humid,Weekday,Fresh,High,Long,Yes,Good
Sunny,Weekday,Fresh,High,Long,Yes,Good
Rainy,Weekday,Stale,Low,Short,No,Poor
Humid,Weekday,Fresh,Medium,Long,No,Excellent
Sunny,Weekday,Fresh,Low,Long,Yes,Good
Sunny,Weekday,Fresh,Medium,Short,No,Excellent
Rainy,Weekend,Stale,Low,Short,No,Excellent
Rainy,Weekday,Fresh,Medium,Short,No,Good
Rainy,Weekday,Fresh,Low,Short,No,Excellent
Humid,Weekend,Stale,Medium,Short,Yes,Poor
Sunny,Weekday,Fresh,High,Long,No,Good
Sunny,Festival,Fresh,High,Long,Yes,Poor
Sunny,Weekend,Stale,High,Long,No,Good
Humid,Weekend,Fresh,Medium,Short,No,Good
Sunny,Weekday,Stale,High,Long,Yes,Poor
Sunny,Weekday,Fresh,Low,Long,No,Good
Sunny,Weekday,Fresh,Low,Short,No,Good
Sunny,Weekday,Fresh,Medium,Long,No,Excellent
Humid,Weekday,Stale,Low,Short,No,Poor
Humid,Weekend,Fresh,Medium,Long,No,Good
Humid,Weekday,Stale,Medium,Short,No,Poor
Rainy,Weekend,Stale,Medium,Long,No,Poor
Rainy,Weekday,Stale,Medium,Short,No,Poor
Humid,Weekday,Fresh,Low,Short,No,Excellent
Rainy,Weekday,Fresh,Low,Short,No,Good
Sunny,Festival,Fresh,Low,Short,Yes,Excellent
Rainy,Weekday,Fresh,Low,Short,No,Excellent
Sunny,Weekday,Fresh,Low,Short,No,Excellent
Humid,Weekend,Fresh,High,Short,No,Poor
Rainy,Weekday,Fresh,Low,Short,No,Good
Humid,Festival,Fresh,Low,Short,No,Excellent
Humid,Festival,Stale,High,Long,Yes,Poor
Rainy,Weekday,Fresh,Low,Short,No,Good
Sunny,Weekday,Fresh,Medium,Long,No,Excellent
Rainy,Weekend,Stale,Low,Short,No,Good
Sunny,Weekday,Fresh,Medium,Long,Yes,Excellent
Sunny,Weekday,Fresh,Medium,Short,Yes,Good
Sunny,Weekday,Stale,High,Long,Yes,Good
Sunny,Festival,Fresh,High,Long,Yes,Excellent
Rainy,Weekend,Stale,Medium,Long,Yes,Poor
Sunny,Weekday,Fresh,Medium,Long,Yes,Good
Sunny,Weekend,Fresh,Medium,Short,No,Excellent
Humid,Weekday,Fresh,Low,Short,No,Good
Humid,Festival,Stale,Medium,Long,No,Good
Rainy,Weekday,Fresh,Low,Short,No,Excellent
Sunny,Weekday,Fresh,Low,Short,No,Good
Sunny,Festival,Fresh,High,Long,Yes,Good
Rainy,Weekday,Fresh,Low,Short,No,Good
Sunny,Weekend,Stale,Medium,Long,No,Poor
Sunny,Weekday,Fresh,Low,Short,No,Excellent
Sunny,Weekend,Stale,Medium,Short,No,Poor
Humid,Weekend,Stale,Medium,Short,Yes,Poor
Rainy,Festival,Stale,Low,Short,No,Poor
Humid,Weekend,Stale,Medium,Long,No,Poor
Humid,Weekend,Fresh,Medium,Long,Yes,Excellent
Humid,Weekday,Stale,High,Short,Yes,Poor
Humid,Weekday,Fresh,Low,Short,No,Good
Humid,Weekday,Stale,Low,Short,No,Good
Sunny,Weekday,Fresh,High,Long,Yes,Good
Sunny,Weekday,Stale,Low,Short,No,Poor
Sunny,Weekday,Fresh,Low,Short,No,Excellent
Rainy,Weekday,Stale,Low,Short,No,Good
Humid,Weekday,Fresh,High,Long,Yes,Poor
Rainy,Weekday,Stale,Medium,Short,No,Poor
Sunny,Weekday,Fresh,Medium,Short,No,Excellent
Rainy,Weekday,Stale,Low,Short,No,Good
Sunny,Weekday,Fresh,Medium,Short,No,Excellent
Rainy,Weekday,Stale,Medium,Short,Yes,Poor
Humid,Weekday,Stale,Medium,Short,Yes,Good
Humid,Weekend,Stale,Medium,Short,No,Good
Rainy,Weekday,Fresh,Medium,Short,Yes,Excellent
Humid,Weekday,Fresh,Low,Short,No,Good
Humid,Weekend,Stale,Low,Short,No,Excellent
Sunny,Weekday,Fresh,High,Long,Yes,Good
Humid,Weekend,Fresh,Medium,Long,No,Good
Sunny,Weekday,Fresh,High,Long,Yes,Poor
Sunny,Weekday,Fresh,High,Long,No,Good
Sunny,Weekday,Fresh,High,Long,Yes,Good
Humid,Weekday,Fresh,Medium,Long,Yes,Excellent
Sunny,Festival,Fresh,High,Long,No,Good
Rainy,Weekday,Fresh,Low,Short,No,Good
Sunny,Festival,Fresh,High,Long,Yes,Excellent
Sunny,Weekend,Stale,High,Long,Yes,Poor
Rainy,Weekend,Stale,Medium,Long,No,Poor
Sunny,Weekday,Fresh,Low,Short,No,Excellent
Humid,Weekend,Stale,Medium,Short,No,Excellent
Sunny,Weekday,Fresh,High,Long,Yes,Good
Sunny,Weekday,Fresh,Low,Short,No,Good
Sunny,Weekday,Stale,Low,Short,No,Good
Rainy,Weekday,Stale,Low,Short,No,Poor
Sunny,Weekend,Fresh,Medium,Long,No,Excellent
Rainy,Festival,Fresh,High,Long,No,Good
Rainy,Weekday,Fresh,Low,Short,No,Good
Humid,Weekend,Fresh,Medium,Short,Yes,Excellent
Sunny,Weekend,Fresh,High,Long,No,Good
Sunny,Weekday,Fresh,High,Long,Yes,Poor
Sunny,Weekday,Fresh,Low,Short,No,Excellent
Sunny,Weekday,Fresh,Low,Long,No,Good
Rainy,Weekday,Fresh,Medium,Long,No,Poor
Sunny,Weekend,Stale,Medium,Long,No,Poor
Rainy,Weekday,Fresh,Low,Short,No,Excellent
Humid,Weekday,Stale,Medium,Short,No,Poor
Sunny,Weekday,Fresh,Medium,Short,No,Excellent
Sunny,Festival,Fresh,High,Short,Yes,Excellent
Humid,Weekday,Fresh,Medium,Short,Yes,Good
Humid,Weekend,Stale,High,Long,Yes,Poor
Sunny,Weekend,Stale,High,Short,Yes,Poor
Rainy,Weekday,Stale,Low,Short,No,Poor
Sunny,Festival,Fresh,Medium,Short,No,Good
Sunny,Weekday,Fresh,High,Long,Yes,Excellent
Sunny,Weekday,Fresh,Medium,Short,No,Good
Humid,Weekday,Fresh,Medium,Short,No,Excellent
Sunny,Weekend,Fresh,High,Short,Yes,Excellent
Sunny,Weekday,Fresh,High,Long,Yes,Good
Rainy,Weekend,Stale,Medium,Long,No,Poor
Humid,Weekend,Fresh,High,Long,Yes,Good
Humid,Weekday,Stale,Low,Short,No,Good
Humid,Weekday,Fresh,High,Long,Yes,Excellent
Humid,Weekday,Fresh,Low,Short,No,Good
Sunny,Weekend,Fresh,Medium,Short,No,Good
Humid,Weekday,Stale,Low,Short,No,Good
Sunny,Weekday,Stale,High,Long,Yes,Excellent
Sunny,Weekday,Fresh,Medium,Long,No,Good
Sunny,Weekday,Fresh,Low,Short,Yes,Good
Sunny,Weekday,Fresh,Low,Short,No,Excellent
Sunny,Weekday,Fresh,Low,Short,No,Excellent
Humid,Weekday,Fresh,Medium,Short,No,Excellent
Humid,Weekend,Fresh,High,Long,No,Excellent
Sunny,Weekday,Fresh,Medium,Long,No,Excellent
Sunny,Weekend,Stale,High,Long,Yes,Poor
Sunny,Weekday,Fresh,Medium,Short,No,Excellent
Humid,Weekday,Fresh,Low,Short,No,Good
Humid,Weekday,Fresh,Medium,Long,No,Good
Rainy,Festival,Fresh,High,Long,Yes,Good
Sunny,Weekday,Fresh,Low,Short,No,Good
Rainy,Festival,Fresh,Medium,Long,Yes,Good
Rainy,Weekday,Stale,Medium,Long,No,Excellent
Sunny,Festival,Fresh,High,Long,Yes,Good
Humid,Weekday,Stale,High,Long,No,Poor
Rainy,Weekend,Fresh,High,Long,Yes,Excellent
Humid,Weekday,Stale,Low,Short,No,Poor
Sunny,Weekend,Fresh,High,Long,No,Good
Humid,Weekend,Stale,Medium,Long,No,Poor
Rainy,Weekend,Fresh,High,Long,Yes,Good
Sunny,Weekday,Fresh,Medium,Short,Yes,Excellent
Humid,Weekday,Fresh,Low,Short,No,Good
Sunny,Weekday,Fresh,Low,Short,No,Good
Rainy,Weekday,Fresh,Medium,Short,No,Excellent
Rainy,Weekend,Fresh,Low,Short,No,Poor
Sunny,Weekday,Fresh,High,Short,Yes,Good
Humid,Weekday,Fresh,Medium,Long,Yes,Good
Humid,Weekday,Fresh,Low,Short,No,Good
Sunny,Weekday,Fresh,High,Short,Yes,Excellent
Humid,Weekday,Fresh,High,Long,Yes,Excellent
Humid,Weekday,Stale,Low,Long,No,Poor
Sunny,Festival,Fresh,High,Long,No,Good
Humid,Weekday,Stale,Medium,Short,Yes,Poor
Rainy,Weekend,Stale,Low,Long,No,Good
Humid,Weekday,Fresh,High,Long,Yes,Good
Humid,Weekend,Fresh,High,Long,Yes,Good
Sunny,Weekend,Fresh,Medium,Short,No,Good
Sunny,Festival,Fresh,High,Long,No,Good
Rainy,Weekend,Fresh,High,Long,No,Excellent
Humid,Weekday,Fresh,High,Long,Yes,Excellent
Rainy,Festival,Fresh,Medium,Long,No,Good
Humid,Weekday,Stale,Low,Short,No,Poor
Humid,Weekend,Stale,High,Long,Yes,Good
Humid,Weekend,Fresh,Medium,Short,Yes,Good
Humid,Weekend,Stale,High,Long,Yes,Poor
Sunny,Weekday,Fresh,Medium,Long,No,Good
Humid,Weekday,Stale,Medium,Long,No,Poor
Humid,Weekday,Fresh,Medium,Short,No,Excellent
Humid,Weekend,Stale,Medium,Long,No,Good
Sunny,Weekday,Fresh,Low,Long,No,Excellent
Sunny,Festival,Fresh,Medium,Long,No,Excellent
Sunny,Weekday,Fresh,Low,Short,No,Good
Sunny,Weekend,Fresh,High,Long,Yes,Excellent
Rainy,Weekday,Fresh,Low,Short,No,Excellent
Humid,Weekday,Stale,Medium,Long,No,Good
Humid,Weekday,Stale,High,Long,Yes,Poor
Sunny,Weekday,Stale,Medium,Long,No,Good
Sunny,Weekday,Fresh,High,Long,Yes,Excellent
Humid,Weekday,Fresh,High,Long,Yes,Poor
Rainy,Weekday,Fresh,Low,Short,No,Good
Humid,Festival,Stale,High,Long,No,Good
Humid,Weekday,Fresh,Medium,Short,No,Excellent
Sunny,Weekend,Fresh,High,Long,Yes,Good
Sunny,Weekend,Fresh,High,Long,No,Good
Humid,Weekday,Fresh,Medium,Long,No,Poor
Humid,Festival,Fresh,High,Long,Yes,Excellent
Sunny,Weekday,Fresh,Medium,Short,No,Excellent
Sunny,Weekday,Stale,Low,Short,No,Poor
Humid,Weekday,Stale,High,Long,No,Poor
Sunny,Weekday,Fresh,Medium,Long,Yes,Good
Humid,Weekday,Fresh,Low,Short,No,Good
Sunny,Weekend,Fresh,Low,Short,No,Excellent
Rainy,Weekday,Fresh,Medium,Short,Yes,Excellent
Sunny,Weekday,Fresh,Low,Short,No,Good
Humid,Festival,Stale,High,Long,Yes,Poor
Rainy,Weekend,Fresh,Low,Short,No,Excellent
Humid,Weekday,Fresh,High,Long,Yes,Poor
Humid,Festival,Stale,High,Long,Yes,Poor
Sunny,Weekday,Fresh,Medium,Long,No,Good
Rainy,Weekday,Stale,Medium,Short,No,Poor
Sunny,Weekend,Fresh,High,Long,No,Good
Rainy,Festival,Fresh,Low,Long,No,Good
Rainy,Weekday,Fresh,Low,Short,No,Excellent
Humid,Weekday,Stale,Low,Long,No,Poor
Rainy,Weekday,Fresh,Low,Long,No,Good
Humid,Festival,Stale,High,Long,Yes,Poor
Humid,Weekday,Stale,Low,Short,No,Poor
Sunny,Weekend,Fresh,Medium,Short,No,Excellent
Rainy,Weekday,Fresh,Low,Short,No,Good
Rainy,Weekend,Fresh,Medium,Long,Yes,Excellent
Sunny,Weekend,Fresh,Low,Short,No,Excellent
Sunny,Weekend,Fresh,High,Long,No,Excellent
Humid,Weekday,Fresh,Low,Short,No,Good
Rainy,Weekday,Stale,Medium,Short,No,Poor
Sunny,Weekday,Fresh,Medium,Long,No,Poor
Rainy,Weekday,Fresh,Medium,Long,No,Good
Sunny,Weekday,Fresh,Medium,Short,No,Excellent
Rainy,Weekday,Fresh,Low,Short,No,Excellent
Rainy,Festival,Fresh,Low,Short,No,Excellent
Humid,Weekday,Fresh,Medium,Long,Yes,Poor
Sunny,Weekday,Fresh,Low,Short,No,Excellent
Sunny,Weekday,Fresh,Low,Short,No,Poor
Sunny,Weekday,Fresh,Medium,Short,Yes,Good
Humid,Weekday,Fresh,Low,Short,No,Excellent
Rainy,Weekend,Fresh,Low,Long,No,Good
Rainy,Weekend,Stale,Medium,Long,Yes,Poor
Sunny,Weekday,Fresh,Medium,Long,Yes,Poor
Rainy,Festival,Fresh,Low,Short,No,Excellent
Sunny,Festival,Fresh,Medium,Short,No,Good
Rainy,Weekend,Fresh,Medium,Long,No,Poor
Rainy,Weekday,Fresh,Medium,Long,Yes,Excellent
Sunny,Weekend,Fresh,High,Short,No,Good
Rainy,Weekday,Fresh,Low,Short,No,Good
Humid,Weekend,Fresh,Medium,Short,No,Poor
Humid,Weekday,Fresh,Medium,Short,Yes,Good
Rainy,Festival,Fresh,High,Long,No,Excellent
Humid,Weekday,Fresh,Medium,Long,Yes,Good
Humid,Weekend,Fresh,Medium,Long,No,Poor
Sunny,Weekday,Stale,Low,Short,No,Poor
Rainy,Weekend,Fresh,Medium,Short,No,Good
Rainy,Weekday,Stale,Low,Short,Yes,Poor
Sunny,Weekend,Fresh,High,Long,No,Good
Rainy,Weekend,Fresh,Low,Short,No,Good
Sunny,Weekend,Fresh,High,Long,Yes,Excellent
Sunny,Festival,Fresh,High,Long,No,Good
Sunny,Weekday,Fresh,Low,Short,No,Excellent
Humid,Festival,Stale,Low,Short,No,Poor
Sunny,Weekday,Fresh,Low,Short,No,Excellent
Sunny,Weekend,Fresh,Medium,Short,No,Excellent
Sunny,Weekend,Fresh,Medium,Long,No,Good
Sunny,Weekday,Fresh,High,Long,Yes,Excellent
Rainy,Weekday,Fresh,Low,Short,No,Excellent
Sunny,Festival,Fresh,High,Long,Yes,Good
Humid,Weekday,Stale,Low,Short,No,Good
Humid,Festival,Stale,High,Long,Yes,Poor
Sunny,Weekday,Fresh,Low,Short,No,Excellent
Sunny,Weekday,Fresh,High,Long,Yes,Excellent
Rainy,Weekend,Fresh,Medium,Short,Yes,Excellent
Rainy,Weekday,Fresh,High,Short,Yes,Excellent
Rainy,Weekday,Fresh,Medium,Short,Yes,Excellent
Sunny,Weekend,Fresh,Medium,Long,No,Poor
Rainy,Weekend,Stale,Medium,Short,Yes,Poor
Humid,Weekday,Fresh,Low,Short,No,Good
Sunny,Weekday,Stale,High,Long,Yes,Poor
Humid,Weekend,Fresh,Medium,Short,No,Good
Rainy,Weekend,Fresh,Low,Short,No,Excellent
Rainy,Weekend,Fresh,Medium,Short,No,Poor
Sunny,Weekend,Fresh,High,Short,No,Good
Sunny,Weekday,Fresh,Low,Short,No,Excellent
Rainy,Weekend,Stale,Low,Short,No,Good
Rainy,Weekday,Fresh,Low,Short,No,Excellent
Humid,Weekday,Fresh,Medium,Long,Yes,Excellent
Sunny,Weekday,Fresh,Medium,Short,No,Good
Humid,Weekend,Fresh,Medium,Long,No,Good
Humid,Festival,Fresh,High,Long,Yes,Good
Humid,Weekday,Fresh,Low,Short,No,Good
Sunny,Weekday,Fresh,Low,Short,No,Good
Sunny,Weekend,Fresh,High,Long,Yes,Poor
Sunny,Weekend,Stale,High,Long,No,Good
Sunny,Weekday,Fresh,Medium,Short,No,Good
Sunny,Weekend,Fresh,High,Long,Yes,Poor
Rainy,Weekend,Fresh,Low,Short,No,Good
Sunny,Weekend,Fresh,Medium,Long,No,Good
Humid,Weekday,Stale,High,Long,Yes,Poor
Rainy,Weekend,Fresh,Low,Short,No,Good
Sunny,Weekday,Fresh,High,Long,Yes,Excellent
Humid,Weekend,Stale,Medium,Short,No,Good
Sunny,Weekday,Fresh,Medium,Long,No,Poor
Humid,Weekend,Stale,Low,Short,No,Poor
Humid,Weekend,Fresh,High,Long,No,Good
Humid,Weekday,Stale,Medium,Short,No,Excellent
Humid,Weekday,Fresh,Low,Short,Yes,Good
Rainy,Weekend,Fresh,Low,Long,No,Excellent
Rainy,Weekday,Fresh,Low,Short,No,Good
Humid,Festival,Stale,High,Long,Yes,Poor
Humid,Weekend,Fresh,High,Long,No,Poor
Sunny,Weekday,Fresh,Low,Short,Yes,Excellent
Rainy,Weekend,Fresh,Medium,Long,No,Excellent
Humid,Weekday,Fresh,Medium,Long,No,Good
Rainy,Weekend,Fresh,Medium,Long,No,Excellent
Sunny,Festival,Fresh,High,Long,No,Poor
Rainy,Weekday,Fresh,Low,Short,No,Excellent
Sunny,Festival,Fresh,High,Long,No,Good
Humid,Weekday,Fresh,Medium,Short,Yes,Excellent
Sunny,Weekday,Fresh,Medium,Long,No,Good
Sunny,Festival,Fresh,High,Long,Yes,Excellent
Rainy,Weekend,Stale,Medium,Long,No,Poor
Sunny,Weekday,Fresh,Medium,Long,Yes,Good
Sunny,Festival,Fresh,Low,Short,No,Excellent
Sunny,Weekday,Fresh,Low,Short,No,Excellent
Rainy,Weekend,Stale,Medium,Long,Yes,Poor
Sunny,Weekday,Fresh,Medium,Long,No,Poor
Sunny,Weekend,Fresh,High,Long,No,Good
Rainy,Weekday,Fresh,Low,Short,Yes,Excellent
Humid,Weekday,Fresh,High,Long,No,Excellent
Humid,Weekday,Fresh,High,Long,No,Good
Rainy,Weekday,Fresh,Medium,Long,No,Good
Sunny,Weekend,Fresh,High,Short,No,Good
Humid,Weekend,Fresh,High,Short,Yes,Excellent
Humid,Festival,Stale,High,Long,Yes,Good
Humid,Weekday,Fresh,Medium,Short,No,Excellent
Humid,Weekday,Fresh,Medium,Long,No,Good
Sunny,Festival,Fresh,High,Long,Yes,Excellent
Sunny,Weekday,Fresh,Medium,Long,No,Excellent
Rainy,Weekend,Fresh,Medium,Short,Yes,Excellent
Humid,Weekday,Stale,Low,Short,No,Good
Sunny,Festival,Fresh,High,Long,Yes,Good
Sunny,Weekday,Fresh,Medium,Short,No,Good
Humid,Weekend,Fresh,Medium,Short,No,Good
Sunny,Weekday,Fresh,Medium,Long,Yes,Excellent
Humid,Weekday,Fresh,High,Short,No,Good
Sunny,Weekday,Fresh,High,Long,Yes,Good
Rainy,Weekday,Fresh,High,Long,Yes,Good
Sunny,Weekday,Fresh,Medium,Short,No,Excellent
Humid,Weekend,Stale,Medium,Long,No,Poor
Sunny,Weekday,Fresh,Medium,Short,No,Excellent
Rainy,Weekday,Fresh,Medium,Long,No,Excellent
Humid,Weekday,Stale,Low,Short,No,Good
Sunny,Weekday,Fresh,Medium,Short,No,Excellent
Rainy,Weekday,Fresh,Low,Short,No,Excellent
Humid,Festival,Fresh,High,Long,Yes,Good
Sunny,Weekend,Fresh,Medium,Long,No,Excellent
Rainy,Weekday,Stale,Medium,Short,No,Good
Sunny,Weekday,Fresh,Medium,Long,Yes,Good
Rainy,Weekday,Fresh,Low,Short,No,Excellent
Sunny,Weekday,Stale,High,Long,No,Good
Rainy,Weekday,Fresh,Low,Short,No,Excellent
Sunny,Festival,Stale,High,Long,Yes,Good
Humid,Weekday,Stale,Low,Short,No,Excellent
Sunny,Weekday,Fresh,Medium,Short,No,Good
Sunny,Weekday,Fresh,High,Long,Yes,Poor
Humid,Festival,Fresh,Low,Short,No,Excellent
Sunny,Weekday,Fresh,Low,Short,No,Excellent
Sunny,Weekday,Fresh,Medium,Long,No,Good
Sunny,Festival,Fresh,Medium,Long,No,Poor
Humid,Weekend,Fresh,High,Long,No,Good
Sunny,Weekday,Fresh,Medium,Short,No,Good
Humid,Weekday,Fresh,High,Long,No,Excellent
Sunny,Weekday,Fresh,Low,Short,No,Good
Sunny,Weekday,Fresh,Medium,Short,Yes,Excellent
Rainy,Weekend,Stale,Medium,Long,No,Good
Humid,Weekday,Stale,Medium,Long,No,Poor
Humid,Festival,Fresh,High,Short,Yes,Excellent
Humid,Festival,Stale,Medium,Short,Yes,Poor
Rainy,Weekend,Fresh,High,Long,No,Good
Sunny,Weekday,Fresh,Low,Short,No,Good
Sunny,Weekday,Fresh,High,Long,Yes,Good
Humid,Weekday,Fresh,Medium,Short,No,Good
Sunny,Weekend,Fresh,High,Long,Yes,Excellent
Sunny,Weekend,Fresh,High,Short,Yes,Excellent
Rainy,Weekend,Fresh,Medium,Short,No,Good
Humid,Weekday,Fresh,Medium,Long,Yes,Good
Sunny,Weekend,Fresh,High,Long,Yes,Excellent
Sunny,Weekday,Fresh,Medium,Long,Yes,Good
Rainy,Weekend,Fresh,Medium,Short,No,Excellent
Humid,Weekday,Stale,High,Long,No,Excellent
Sunny,Weekend,Stale,Medium,Long,No,Good
Rainy,Weekend,Stale,Medium,Short,No,Poor
Rainy,Weekday,Stale,Low,Short,No,Good
Rainy,Weekday,Fresh,Low,Short,No,Good
Rainy,Weekday,Stale,High,Long,No,Poor
Humid,Weekday,Fresh,Medium,Long,No,Excellent
Sunny,Festival,Fresh,High,Long,No,Poor
Humid,Festival,Fresh,Low,Short,No,Good
Sunny,Weekday,Fresh,Low,Short,No,Good
Humid,Weekday,Stale,Low,Long,No,Poor
Sunny,Festival,Stale,High,Long,Yes,Poor
Sunny,Festival,Fresh,Medium,Short,Yes,Good
Humid,Weekday,Fresh,High,Long,Yes,Excellent
Sunny,Weekend,Fresh,Medium,Short,Yes,Excellent
Humid,Weekend,Stale,Low,Short,No,Good
Rainy,Weekend,Stale,Low,Short,No,Good
Rainy,Weekend,Stale,High,Long,Yes,Poor
Humid,Weekday,Fresh,High,Short,Yes,Good
Rainy,Weekday,Stale,Low,Short,No,Excellent
Humid,Weekday,Fresh,High,Long,Yes,Poor
Rainy,Weekend,Fresh,Medium,Long,No,Good
Rainy,Weekday,Fresh,Low,Long,No,Poor
Sunny,Weekday,Fresh,Medium,Short,No,Good
Sunny,Weekday,Fresh,Low,Short,No,Excellent
Sunny,Weekday,Stale,Low,Short,Yes,Poor
Sunny,Weekday,Fresh,Medium,Long,Yes,Good
Sunny,Weekday,Fresh,Medium,Long,Yes,Good
Rainy,Weekday,Fresh,Low,Short,No,Excellent
Sunny,Weekday,Fresh,Medium,Long,No,Good
Sunny,Weekend,Stale,Medium,Long,No,Poor
Rainy,Weekday,Stale,High,Long,Yes,Poor
Sunny,Weekend,Fresh,Medium,Long,Yes,Excellent
Sunny,Weekend,Fresh,Medium,Long,No,Excellent
Rainy,Weekday,Stale,Low,Short,No,Poor
Rainy,Weekday,Fresh,Low,Long,No,Good
Sunny,Weekday,Stale,High,Long,Yes,Poor
Sunny,Weekday,Fresh,Medium,Long,Yes,Poor
Sunny,Weekend,Fresh,High,Long,Yes,Good
Rainy,Weekday,Fresh,Medium,Short,No,Excellent
Rainy,Weekday,Fresh,Low,Short,No,Good
Sunny,Weekend,Fresh,Low,Short,No,Good
Humid,Weekday,Stale,Low,Short,Yes,Poor
Sunny,Weekend,Stale,Medium,Short,No,Poor
Humid,Weekday,Fresh,Low,Short,No,Excellent
Sunny,Weekday,Fresh,Medium,Short,No,Good
Sunny,Weekend,Fresh,High,Long,Yes,Good
Sunny,Weekday,Fresh,Low,Short,No,Excellent
Sunny,Festival,Fresh,High,Short,Yes,Good
Rainy,Festival,Fresh,High,Long,No,Good
Rainy,Weekend,Fresh,Low,Short,No,Good
Humid,Weekend,Fresh,Medium,Long,No,Excellent
Humid,Weekday,Fresh,Low,Short,No,Good
Sunny,Weekday,Stale,Medium,Long,No,Poor
Sunny,Weekday,Stale,High,Short,Yes,Good
Rainy,Weekday,Stale,Low,Short,No,Excellent
Rainy,Weekday,Fresh,Low,Short,No,Excellent
Sunny,Weekday,Fresh,Low,Short,No,Excellent
Rainy,Weekend,Stale,Low,Short,No,Excellent
Rainy,Weekend,Fresh,Low,Short,No,Good
Rainy,Festival,Fresh,High,Long,Yes,Good
Sunny,Weekend,Fresh,Medium,Long,No,Good
Humid,Weekend,Fresh,High,Long,Yes,Good
Sunny,Weekday,Fresh,Low,Short,No,Excellent
Humid,Weekday,Stale,Medium,Short,No,Good
Humid,Weekday,Fresh,High,Long,Yes,Excellent
Sunny,Weekend,Fresh,Low,Short,No,Good
Sunny,Weekday,Fresh,High,Short,Yes,Excellent
Rainy,Weekday,Fresh,Low,Short,Yes,Good
Humid,Weekday,Stale,Medium,Long,No,Good
Rainy,Weekday,Fresh,Low,Short,No,Excellent
Sunny,Weekend,Fresh,Low,Short,No,Excellent
Sunny,Weekday,Fresh,Low,Short,No,Good
Humid,Weekend,Fresh,Medium,Long,Yes,Excellent
Rainy,Festival,Fresh,Medium,Short,No,Good
Humid,Weekend,Fresh,Medium,Short,No,Poor
Sunny,Festival,Fresh,Medium,Short,No,Excellent
Humid,Weekday,Fresh,Low,Short,No,Good
Rainy,Weekday,Stale,Low,Short,No,Good
Rainy,Weekday,Fresh,Low,Short,No,Excellent
Rainy,Weekday,Fresh,Low,Short,No,Excellent
Sunny,Festival,Fresh,Medium,Long,No,Good
Sunny,Weekday,Fresh,Medium,Long,No,Good
Rainy,Weekend,Fresh,High,Long,Yes,Good
Rainy,Weekday,Stale,Low,Long,No,Poor
Rainy,Weekday,Fresh,Low,Short,No,Good
Sunny,Weekday,Fresh,High,Long,Yes,Good
Sunny,Weekend,Fresh,High,Long,Yes,Excellent
Sunny,Weekday,Fresh,Medium,Short,No,Good
Rainy,Weekday,Fresh,Medium,Long,No,Good
Rainy,Weekday,Fresh,Low,Short,No,Excellent
Sunny,Weekday,Fresh,Medium,Short,No,Good
Rainy,Weekend,Fresh,Low,Long,No,Good
Sunny,Festival,Fresh,High,Long,No,Good
Sunny,Weekday,Fresh,Low,Short,No,Good
Humid,Weekend,Fresh,Medium,Long,Yes,Excellent
Sunny,Weekend,Fresh,High,Long,Yes,Good
Sunny,Weekday,Fresh,Medium,Long,No,Excellent
Sunny,Weekday,Fresh,Medium,Short,No,Good
Sunny,Weekend,Fresh,High,Long,Yes,Excellent
Humid,Weekday,Fresh,Low,Short,No,Excellent
Sunny,Festival,Fresh,High,Long,Yes,Good
Rainy,Weekday,Fresh,Low,Short,No,Excellent
Sunny,Festival,Fresh,High,Long,Yes,Excellent
Sunny,Weekday,Fresh,Medium,Long,No,Good
Humid,Weekday,Fresh,Medium,Short,Yes,Good
Sunny,Weekday,Fresh,Low,Short,No,Excellent
Sunny,Weekday,Stale,Medium,Long,Yes,Poor
Humid,Weekday,Stale,Low,Short,No,Excellent
Humid,Weekend,Fresh,High,Long,Yes,Good
Rainy,Weekend,Fresh,Low,Long,No,Good
Rainy,Festival,Stale,High,Long,No,Poor
Sunny,Weekend,Fresh,Medium,Short,No,Excellent
Rainy,Weekday,Fresh,Medium,Short,No,Good
Humid,Weekday,Fresh,Medium,Short,No,Good
Humid,Festival,Stale,High,Long,Yes,Poor
Sunny,Weekend,Fresh,High,Long,No,Good
Humid,Weekend,Fresh,High,Long,Yes,Excellent
Humid,Weekend,Fresh,Medium,Short,No,Good
Rainy,Weekend,Fresh,High,Short,Yes,Excellent
Rainy,Weekday,Fresh,Low,Short,No,Good
Sunny,Weekday,Fresh,Medium,Long,No,Excellent
Rainy,Festival,Fresh,Medium,Short,Yes,Good
Humid,Weekday,Stale,Medium,Long,Yes,Poor
Humid,Weekday,Fresh,Low,Long,No,Excellent
Rainy,Weekday,Fresh,Low,Short,No,Good
Sunny,Weekday,Fresh,High,Long,Yes,Excellent
Rainy,Weekday,Fresh,Low,Short,No,Good
Rainy,Weekend,Stale,Low,Short,No,Excellent
Rainy,Weekend,Fresh,Low,Short,No,Excellent
Sunny,Weekday,Stale,Low,Short,No,Good
Humid,Weekday,Fresh,Medium,Long,No,Good
Sunny,Weekday,Fresh,High,Short,Yes,Good
Rainy,Weekday,Stale,Low,Short,No,Poor
Rainy,Weekday,Fresh,Medium,Short,No,Excellent
Sunny,Weekday,Fresh,Medium,Long,Yes,Poor
Humid,Weekday,Stale,Medium,Short,No,Poor
Humid,Weekday,Stale,High,Long,Yes,Poor
Sunny,Weekend,Fresh,Low,Short,No,Excellent
Rainy,Weekday,Fresh,High,Long,No,Poor
Humid,Festival,Stale,High,Long,No,Excellent
Sunny,Weekday,Stale,Medium,Long,No,Poor
Sunny,Weekday,Fresh,Medium,Short,Yes,Excellent
Rainy,Weekday,Stale,Medium,Short,Yes,Good
Sunny,Weekend,Fresh,High,Long,No,Good
Humid,Weekday,Stale,Low,Short,No,Poor
Sunny,Weekend,Fresh,High,Long,No,Good
Humid,Weekend,Fresh,High,Long,No,Good
Sunny,Weekday,Fresh,Medium,Short,Yes,Good
Rainy,Weekday,Stale,Low,Short,No,Good
Humid,Weekday,Stale,Medium,Short,Yes,Good
Humid,Weekday,Fresh,Medium,Long,No,Good
Sunny,Weekend,Fresh,Low,Short,No,Excellent
Sunny,Weekday,Fresh,Medium,Short,Yes,Good
Rainy,Festival,Fresh,High,Short,Yes,Excellent
Rainy,Weekday,Fresh,Medium,Short,Yes,Excellent
Humid,Weekend,Fresh,Medium,Long,No,Good
Rainy,Weekday,Stale,Low,Short,Yes,Good
Humid,Festival,Stale,High,Long,Yes,Poor
Humid,Weekday,Stale,Low,Short,No,Excellent
Sunny,Festival,Fresh,Low,Short,No,Good
Sunny,Weekday,Fresh,High,Long,No,Good
Humid,Weekday,Stale,Low,Long,No,Poor
Sunny,Weekday,Fresh,High,Long,No,Good
Sunny,Weekday,Stale,High,Long,No,Good
Humid,Weekday,Fresh,Low,Short,No,Good
Sunny,Festival,Fresh,High,Long,No,Good
Sunny,Festival,Fresh,High,Long,No,Good
Sunny,Weekday,Fresh,Low,Short,No,Good
Humid,Weekday,Fresh,High,Short,No,Good
Rainy,Weekday,Fresh,Low,Short,Yes,Excellent
Humid,Weekday,Stale,Medium,Short,No,Poor
Humid,Weekday,Fresh,Low,Short,No,Good
Humid,Weekday,Fresh,Medium,Long,No,Excellent
Sunny,Festival,Fresh,High,Long,No,Poor
Sunny,Festival,Fresh,High,Short,Yes,Excellent
Rainy,Weekday,Stale,Low,Short,No,Good
Rainy,Weekend,Stale,Low,Short,No,Poor
Sunny,Weekend,Fresh,Low,Short,No,Good
Sunny,Weekend,Stale,High,Short,No,Poor
Rainy,Weekday,Fresh,Low,Short,No,Good
Rainy,Weekday,Fresh,Low,Short,No,Good
Humid,Weekday,Stale,Medium,Long,No,Poor
Rainy,Weekday,Fresh,Low,Short,No,Excellent
Humid,Weekday,Fresh,Low,Short,No,Excellent
Rainy,Weekend,Stale,Low,Short,No,Poor
Sunny,Weekday,Fresh,Medium,Short,No,Good
Sunny,Weekday,Fresh,High,Short,No,Good
Humid,Weekday,Stale,Medium,Long,No,Good
Sunny,Weekend,Fresh,Medium,Short,Yes,Excellent
Humid,Weekday,Stale,Low,Short,No,Poor
Sunny,Weekday,Stale,Medium,Long,Yes,Poor
Humid,Weekend,Fresh,Medium,Long,No,Good
Rainy,Weekday,Fresh,Low,Short,No,Good
Sunny,Weekend,Fresh,High,Long,No,Excellent
Rainy,Weekday,Fresh,Medium,Long,No,Poor
Humid,Weekday,Fresh,Medium,Long,Yes,Good
Rainy,Weekday,Fresh,Low,Short,No,Good
Sunny,Weekday,Stale,Low,Short,No,Poor
Sunny,Weekday,Fresh,High,Long,Yes,Excellent
Humid,Weekday,Stale,Low,Short,No,Poor
Rainy,Weekday,Fresh,Low,Short,No,Excellent
Humid,Weekend,Fresh,Medium,Long,No,Poor
Rainy,Weekend,Stale,Low,Short,No,Poor
Sunny,Weekend,Stale,Medium,Long,No,Poor
Rainy,Weekend,Fresh,High,Long,Yes,Poor
Rainy,Weekend,Fresh,High,Long,Yes,Good
Humid,Festival,Stale,Medium,Short,Yes,Poor
Sunny,Weekday,Fresh,Low,Long,No,Excellent
Humid,Weekend,Fresh,Medium,Long,No,Excellent
Sunny,Weekday,Fresh,High,Short,Yes,Excellent
Humid,Weekday,Stale,Medium,Long,No,Poor
Humid,Weekend,Stale,Medium,Short,Yes,Poor
Humid,Weekday,Stale,Low,Short,No,Poor
Sunny,Festival,Fresh,High,Long,Yes,Excellent
Sunny,Festival,Stale,High,Long,Yes,Good
Sunny,Weekday,Fresh,Medium,Long,Yes,Good
Rainy,Weekend,Stale,Low,Short,No,Good
Sunny,Festival,Fresh,High,Short,Yes,Good
Sunny,Weekday,Fresh,High,Long,Yes,Good
Sunny,Weekday,Fresh,Medium,Long,Yes,Poor
Humid,Weekday,Stale,Medium,Short,No,Good
Humid,Weekday,Fresh,Low,Long,No,Poor
Rainy,Weekday,Fresh,Medium,Long,No,Poor
Rainy,Weekend,Fresh,Low,Short,No,Good
Rainy,Festival,Stale,High,Long,No,Poor
Rainy,Weekday,Fresh,Low,Short,No,Excellent
Humid,Weekday,Stale,Medium,Short,No,Good
Sunny,Weekday,Fresh,High,Long,Yes,Good
Rainy,Weekday,Fresh,Low,Short,No,Excellent
Sunny,Weekday,Fresh,Medium,Long,No,Excellent
Humid,Festival,Fresh,High,Long,Yes,Good
Sunny,Weekday,Fresh,Low,Short,No,Good
Rainy,Weekday,Fresh,Low,Short,No,Good
Sunny,Weekday,Fresh,Medium,Short,Yes,Good
Sunny,Festival,Fresh,High,Short,Yes,Excellent
Sunny,Weekday,Fresh,High,Long,Yes,Good
Rainy,Weekday,Fresh,Low,Short,No,Good
Humid,Weekday,Fresh,Low,Short,No,Excellent
Humid,Weekday,Stale,Low,Short,No,Poor
Sunny,Weekday,Stale,High,Long,No,Poor
Sunny,Weekday,Fresh,Low,Short,Yes,Excellent
Rainy,Weekday,Stale,Low,Short,Yes,Poor
Rainy,Weekday,Fresh,Low,Short,No,Excellent
Humid,Weekend,Stale,Low,Short,No,Good
Rainy,Weekday,Fresh,Medium,Long,No,Good
Humid,Weekday,Fresh,Medium,Short,No,Good
Sunny,Weekday,Fresh,Medium,Long,No,Poor
Humid,Weekday,Fresh,Low,Short,No,Good
Sunny,Weekend,Fresh,Medium,Short,Yes,Excellent
Humid,Weekday,Fresh,Low,Short,No,Poor
Humid,Weekday,Stale,Medium,Long,No,Good
Humid,Weekend,Fresh,Low,Short,No,Good
Rainy,Weekday,Fresh,Low,Short,Yes,Excellent
Rainy,Weekend,Fresh,High,Long,Yes,Excellent
Sunny,Weekday,Fresh,Medium,Short,Yes,Good
Rainy,Weekday,Fresh,Low,Short,No,Excellent
Rainy,Weekday,Fresh,Low,Long,No,Poor
Rainy,Weekday,Fresh,Low,Short,No,Good
Humid,Weekday,Fresh,Medium,Short,Yes,Excellent
Rainy,Weekday,Fresh,Low,Short,No,Good
Humid,Weekday,Stale,Low,Long,No,Good
Sunny,Festival,Fresh,High,Long,Yes,Good
Sunny,Weekday,Fresh,Medium,Short,No,Good
Humid,Festival,Stale,High,Long,Yes,Poor
Sunny,Weekday,Fresh,Medium,Long,No,Excellent
Sunny,Weekday,Fresh,Medium,Long,No,Good
Sunny,Festival,Stale,High,Long,Yes,Poor
Sunny,Weekend,Fresh,High,Long,Yes,Good
Sunny,Festival,Fresh,High,Long,Yes,Good
Sunny,Weekday,Stale,High,Long,Yes,Poor
Humid,Weekday,Fresh,Medium,Long,Yes,Poor
Sunny,Weekend,Fresh,Low,Short,No,Good
Humid,Weekend,Stale,Low,Short,No,Poor
Rainy,Weekday,Stale,Low,Long,No,Poor
Humid,Weekday,Stale,High,Long,Yes,Poor
Rainy,Festival,Fresh,Medium,Long,No,Good
Rainy,Weekend,Stale,Low,Short,No,Poor
Rainy,Weekend,Fresh,Low,Short,No,Poor
Sunny,Weekday,Fresh,Medium,Long,No,Poor
Sunny,Festival,Fresh,High,Short,Yes,Good
Rainy,Weekday,Fresh,Low,Short,No,Poor
Humid,Weekday,Fresh,Low,Short,No,Excellent
Rainy,Weekday,Stale,Medium,Short,No,Poor
Sunny,Weekday,Fresh,Medium,Short,No,Excellent
Sunny,Weekday,Fresh,Medium,Short,No,Good
Rainy,Weekend,Fresh,High,Long,Yes,Good
Sunny,Weekend,Fresh,High,Long,No,Good
Humid,Weekday,Stale,Low,Short,No,Good
Rainy,Weekday,Fresh,Low,Short,No,Excellent
Sunny,Weekend,Fresh,High,Long,No,Excellent
Rainy,Weekday,Stale,Low,Short,No,Good
Sunny,Weekday,Fresh,Medium,Long,No,Excellent
Sunny,Weekday,Fresh,Medium,Short,No,Excellent
Sunny,Weekday,Fresh,Medium,Short,No,Good
Humid,Weekday,Stale,Low,Short,No,Poor
Humid,Weekend,Stale,High,Long,Yes,Poor
Rainy,Weekday,Fresh,Low,Long,No,Excellent
Sunny,Weekday,Stale,Medium,Short,No,Excellent
Sunny,Festival,Fresh,Medium,Short,No,Good
Sunny,Weekday,Fresh,Low,Short,No,Excellent
Humid,Weekday,Stale,Medium,Long,No,Poor
Rainy,Weekend,Stale,Medium,Long,No,Poor
Humid,Weekday,Fresh,Low,Short,No,Good
Humid,Festival,Stale,Medium,Short,No,Good
Humid,Weekday,Fresh,Low,Short,No,Excellent
Sunny,Weekday,Fresh,Medium,Long,No,Excellent
Sunny,Weekday,Fresh,Medium,Short,No,Excellent
Rainy,Weekend,Fresh,Low,Short,No,Excellent
Sunny,Weekday,Fresh,High,Long,Yes,Excellent
Rainy,Weekend,Fresh,Medium,Short,Yes,Good
Humid,Weekday,Fresh,Low,Short,No,Excellent
Sunny,Festival,Fresh,Medium,Short,No,Excellent
Sunny,Weekday,Fresh,Low,Short,Yes,Excellent
Sunny,Weekend,Fresh,Medium,Short,Yes,Good
Sunny,Festival,Fresh,High,Long,Yes,Excellent
Sunny,Weekend,Stale,Medium,Short,Yes,Good
Sunny,Weekday,Fresh,Medium,Long,No,Excellent
Humid,Festival,Fresh,High,Long,Yes,Excellent
Humid,Weekend,Fresh,High,Long,Yes,Good
Sunny,Weekday,Fresh,Medium,Short,No,Good
Sunny,Festival,Stale,High,Long,Yes,Poor
Rainy,Weekday,Fresh,Medium,Short,No,Good
Sunny,Weekday,Fresh,High,Long,No,Good
Humid,Weekday,Fresh,Medium,Short,No,Excellent
Humid,Weekday,Stale,Low,Long,No,Good
Humid,Weekday,Fresh,Low,Short,No,Excellent
Sunny,Weekday,Fresh,Medium,Short,Yes,Good
Sunny,Weekday,Stale,Low,Short,No,Good
Humid,Weekend,Fresh,Low,Short,No,Good
Rainy,Weekday,Fresh,Low,Short,No,Excellent
Sunny,Weekend,Fresh,Medium,Long,No,Poor
Sunny,Weekday,Fresh,Medium,Short,No,Excellent
Sunny,Weekday,Fresh,Low,Short,No,Excellent
Rainy,Weekday,Stale,Low,Long,Yes,Poor
Sunny,Weekday,Fresh,Medium,Short,No,Good
Sunny,Weekday,Fresh,Medium,Short,Yes,Excellent
Humid,Weekday,Stale,Medium,Long,No,Poor
Rainy,Weekday,Stale,Medium,Long,No,Poor
Humid,Weekend,Fresh,Low,Short,No,Good
Sunny,Weekday,Fresh,High,Long,Yes,Excellent
Sunny,Festival,Fresh,High,Short,No,Excellent
Sunny,Weekday,Stale,Medium,Long,Yes,Poor
Sunny,Weekday,Fresh,Medium,Short,No,Good
Rainy,Weekend,Fresh,Low,Short,No,Good
Humid,Weekday,Fresh,Low,Short,No,Excellent
Sunny,Weekday,Stale,Medium,Short,No,Good
Rainy,Weekday,Fresh,Low,Short,No,Good
Rainy,Weekend,Fresh,Medium,Short,Yes,Good
Rainy,Weekend,Stale,Low,Short,No,Poor
Sunny,Weekday,Fresh,Low,Short,Yes,Good
Sunny,Weekend,Fresh,High,Long,No,Excellent
Humid,Weekday,Stale,Medium,Long,No,Poor
Humid,Weekend,Stale,Medium,Short,No,Good
Rainy,Weekend,Fresh,Low,Short,No,Excellent
Rainy,Festival,Stale,Medium,Short,No,Poor
Rainy,Weekday,Fresh,Low,Short,No,Good
Sunny,Weekday,Fresh,Low,Short,No,Good
Humid,Weekend,Stale,High,Long,No,Poor
Sunny,Weekday,Fresh,Low,Long,No,Good
Humid,Weekend,Fresh,High,Long,Yes,Excellent
Sunny,Weekend,Fresh,Medium,Short,No,Good
Sunny,Weekend,Fresh,High,Short,Yes,Excellent
Sunny,Weekday,Fresh,Medium,Short,No,Excellent
Sunny,Weekend,Fresh,High,Long,No,Good
Sunny,Weekday,Fresh,High,Short,No,Good
Humid,Weekday,Stale,Low,Short,No,Poor
Sunny,Weekday,Fresh,Low,Short,No,Good
Sunny,Weekend,Fresh,Low,Short,No,Good
Humid,Weekday,Stale,Low,Short,No,Poor
Humid,Weekday,Stale,High,Long,Yes,Poor
Humid,Weekday,Fresh,Low,Short,No,Good
Humid,Weekend,Stale,Low,Short,No,Poor
Humid,Weekday,Fresh,Low,Short,No,Good
Humid,Weekday,Stale,Low,Short,No,Poor
Humid,Weekend,Fresh,Medium,Short,No,Excellent
Sunny,Weekend,Fresh,High,Long,Yes,Excellent
Sunny,Weekend,Fresh,High,Short,No,Good
Humid,Festival,Fresh,Medium,Long,No,Excellent
Sunny,Weekday,Stale,Low,Short,No,Poor
Humid,Weekday,Fresh,Medium,Long,No,Good
Sunny,Weekday,Fresh,Low,Short,No,Good
Sunny,Weekday,Fresh,High,Long,No,Excellent
Rainy,Weekday,Stale,Low,Short,No,Poor
Humid,Weekend,Stale,High,Long,No,Poor
Sunny,Weekday,Fresh,High,Long,No,Poor
Sunny,Weekday,Fresh,Medium,Long,Yes,Excellent
Rainy,Weekday,Fresh,Low,Short,No,Excellent
Humid,Festival,Stale,Medium,Long,No,Good
Sunny,Weekday,Fresh,Low,Short,No,Poor
Rainy,Weekend,Stale,High,Long,Yes,Poor
Humid,Weekday,Fresh,Low,Short,No,Excellent
Rainy,Weekend,Fresh,Low,Short,No,Excellent
Humid,Weekday,Fresh,Low,Short,No,Good
Rainy,Weekday,Fresh,Low,Short,No,Excellent
Humid,Weekday,Stale,Low,Short,No,Poor
Humid,Weekday,Stale,Medium,Long,Yes,Good
Rainy,Weekday,Fresh,Medium,Short,No,Good
Sunny,Weekday,Fresh,High,Long,Yes,Excellent
Humid,Weekday,Stale,High,Long,Yes,Poor
Humid,Weekend,Fresh,High,Long,Yes,Good
Sunny,Weekday,Fresh,Medium,Short,Yes,Excellent
Rainy,Weekend,Fresh,Low,Short,No,Excellent
Humid,Weekday,Fresh,Medium,Long,No,Excellent
Rainy,Weekday,Stale,Low,Short,No,Excellent
Sunny,Weekday,Fresh,Medium,Short,Yes,Good
Humid,Weekday,Stale,Low,Short,Yes,Poor
Rainy,Festival,Fresh,High,Long,Yes,Good
Sunny,Weekday,Fresh,Medium,Short,Yes,Excellent
Rainy,Weekday,Fresh,Medium,Long,No,Excellent
Sunny,Weekday,Stale,Medium,Long,No,Poor
Sunny,Weekday,Fresh,Low,Short,No,Excellent
Sunny,Weekday,Fresh,Low,Short,No,Good
Sunny,Weekday,Fresh,High,Long,Yes,Poor
Sunny,Weekend,Fresh,High,Long,Yes,Good
Sunny,Weekend,Fresh,Medium,Short,Yes,Excellent
Rainy,Weekday,Fresh,Low,Short,No,Good
Rainy,Weekday,Fresh,Medium,Short,No,Excellent
Sunny,Weekday,Fresh,Low,Long,No,Poor
Sunny,Weekday,Fresh,High,Long,Yes,Excellent
Sunny,Weekday,Fresh,High,Long,No,Poor
Rainy,Weekend,Stale,High,Long,No,Poor
Sunny,Weekday,Fresh,Medium,Long,No,Excellent
Humid,Weekday,Fresh,Low,Short,No,Excellent
Sunny,Weekday,Fresh,Low,Short,No,Excellent
Sunny,Weekend,Fresh,High,Long,Yes,Excellent
Sunny,Weekday,Fresh,Medium,Long,No,Good
Humid,Weekday,Stale,Medium,Long,Yes,Poor
Sunny,Weekday,Fresh,Low,Short,No,Good
Rainy,Weekday,Stale,Low,Short,No,Poor
Humid,Weekday,Stale,Medium,Short,No,Poor
Sunny,Weekend,Fresh,Medium,Long,No,Excellent
Sunny,Weekday,Fresh,Medium,Short,No,Good
Humid,Festival,Stale,Low,Short,No,Poor
Humid,Festival,Fresh,High,Long,No,Good
Sunny,Weekend,Fresh,Low,Short,No,Excellent
Sunny,Weekday,Fresh,Medium,Long,No,Good
Humid,Festival,Fresh,High,Short,Yes,Excellent
Rainy,Weekday,Stale,Low,Short,Yes,Poor
Humid,Weekend,Fresh,High,Long,Yes,Good
Rainy,Weekday,Fresh,Low,Short,No,Good
Humid,Weekend,Fresh,Medium,Short,No,Good
Humid,Weekday,Stale,High,Long,No,Poor
Humid,Weekday,Fresh,Low,Short,No,Good
Humid,Weekday,Stale,Medium,Short,Yes,Poor
Humid,Weekday,Fresh,Medium,Short,No,Good
Humid,Weekday,Stale,Medium,Long,No,Poor
Sunny,Weekday,Fresh,Medium,Short,No,Good
Sunny,Weekend,Fresh,High,Long,Yes,Good
Rainy,Weekday,Fresh,Low,Short,No,Good
Sunny,Weekday,Fresh,Medium,Long,No,Excellent
Rainy,Weekday,Fresh,Medium,Short,No,Good
Rainy,Weekday,Fresh,Low,Short,No,Good
Humid,Weekday,Stale,Medium,Long,No,Poor
Sunny,Weekend,Fresh,Medium,Short,No,Excellent
Rainy,Weekend,Fresh,Medium,Long,No,Good
Humid,Festival,Stale,High,Long,No,Poor
Sunny,Festival,Fresh,High,Long,Yes,Good
Rainy,Weekday,Stale,Low,Short,Yes,Poor
Humid,Weekend,Fresh,High,Long,No,Excellent
Sunny,Weekday,Fresh,Medium,Short,Yes,Good
Sunny,Weekday,Fresh,Medium,Short,No,Excellent
Sunny,Weekend,Stale,Medium,Long,Yes,Excellent
Humid,Weekday,Fresh,Medium,Short,Yes,Excellent
Rainy,Weekday,Fresh,Low,Short,No,Excellent
Sunny,Weekend,Fresh,Medium,Short,Yes,Excellent
Sunny,Weekday,Fresh,Medium,Short,No,Excellent
Humid,Weekday,Fresh,Low,Short,No,Excellent
Sunny,Weekend,Fresh,Medium,Short,Yes,Good
Sunny,Weekday,Fresh,Low,Long,No,Excellent
Rainy,Weekday,Fresh,Low,Short,No,Good
Rainy,Weekday,Stale,Low,Short,No,Good
Rainy,Festival,Fresh,Low,Short,No,Excellent
Rainy,Festival,Stale,Medium,Short,Yes,Poor
Sunny,Weekend,Fresh,High,Long,No,Good
Sunny,Weekend,Fresh,High,Long,Yes,Excellent
Humid,Weekend,Fresh,Medium,Long,Yes,Good
Rainy,Weekend,Fresh,Low,Short,No,Good
Sunny,Weekend,Fresh,High,Long,No,Good
Humid,Festival,Fresh,High,Long,Yes,Excellent
Sunny,Weekday,Fresh,Low,Short,No,Good
Sunny,Weekend,Fresh,High,Long,Yes,Excellent
Sunny,Weekday,Fresh,Low,Short,No,Good
Sunny,Weekday,Stale,Low,Short,No,Good
Sunny,Weekday,Fresh,Medium,Short,No,Good
Sunny,Weekend,Fresh,Medium,Short,Yes,Excellent
Humid,Weekend,Fresh,Medium,Long,No,Good
Sunny,Festival,Fresh,High,Short,Yes,Good
Humid,Weekend,Fresh,High,Long,Yes,Good
Humid,Weekday,Fresh,Low,Short,Yes,Excellent
Rainy,Weekday,Fresh,Medium,Long,No,Good
Sunny,Weekday,Fresh,Low,Short,No,Excellent
Rainy,Weekend,Fresh,Low,Long,No,Good
Sunny,Weekday,Fresh,High,Long,No,Excellent
Humid,Festival,Stale,Medium,Short,No,Poor
Rainy,Weekday,Fresh,Low,Long,No,Good
Sunny,Festival,Fresh,Medium,Long,No,Poor
Sunny,Weekend,Fresh,Medium,Long,Yes,Good
Humid,Weekend,Fresh,Low,Short,No,Good
Sunny,Weekday,Stale,Low,Short,No,Good
Humid,Weekend,Fresh,High,Long,No,Excellent
Sunny,Weekday,Fresh,High,Long,Yes,Good
Sunny,Weekend,Stale,High,Long,No,Poor
Humid,Weekend,Fresh,Medium,Long,No,Poor
Rainy,Weekday,Fresh,Medium,Long,No,Good
Rainy,Weekend,Fresh,Medium,Short,No,Excellent
Sunny,Weekday,Fresh,Medium,Short,Yes,Good
Sunny,Weekday,Fresh,Medium,Long,No,Good
Humid,Weekday,Fresh,Low,Short,No,Excellent
Sunny,Weekday,Fresh,Medium,Short,No,Excellent
Sunny,Weekday,Fresh,Medium,Short,No,Excellent
Rainy,Festival,Fresh,Medium,Long,No,Good
Humid,Weekend,Fresh,High,Long,No,Poor
Humid,Weekday,Stale,Low,Short,No,Good
Humid,Weekday,Fresh,Medium,Short,Yes,Good
Humid,Weekday,Stale,Low,Short,No,Good
Humid,Festival,Stale,Medium,Short,No,Excellent
Rainy,Weekday,Fresh,High,Long,Yes,Good
Rainy,Weekend,Stale,Low,Short,No,Good
Rainy,Weekend,Fresh,Low,Long,No,Good
Rainy,Weekday,Fresh,Low,Short,No,Good
Sunny,Weekday,Fresh,Medium,Long,No,Excellent
Humid,Festival,Stale,Medium,Short,Yes,Good
Rainy,Weekend,Fresh,Low,Short,No,Good
Sunny,Festival,Stale,High,Long,No,Poor
Humid,Weekday,Fresh,High,Long,Yes,Excellent
Sunny,Weekend,Fresh,Medium,Short,No,Poor
Sunny,Weekday,Fresh,High,Long,Yes,Poor
Sunny,Weekend,Fresh,High,Long,No,Good
Sunny,Weekend,Fresh,High,Long,No,Good
Sunny,Weekday,Fresh,Medium,Long,No,Good
Sunny,Weekday,Fresh,High,Long,Yes,Excellent
Rainy,Weekday,Stale,Low,Short,No,Good
Sunny,Festival,Fresh,High,Long,Yes,Excellent
Sunny,Weekday,Stale,Medium,Short,No,Good
Rainy,Weekday,Stale,Medium,Long,Yes,Poor
Humid,Weekday,Fresh,Medium,Short,No,Excellent
Sunny,Weekday,Stale,High,Long,Yes,Poor
Sunny,Weekday,Fresh,Medium,Short,No,Good
Humid,Weekday,Fresh,Medium,Long,No,Good
Sunny,Weekday,Fresh,Medium,Short,Yes,Good
Sunny,Weekday,Stale,Low,Short,No,Poor
Humid,Weekday,Stale,Medium,Short,Yes,Good
Humid,Weekday,Fresh,High,Short,Yes,Poor
Sunny,Weekday,Fresh,High,Long,No,Good
Humid,Weekday,Fresh,Medium,Short,No,Excellent
Humid,Weekday,Fresh,Low,Short,No,Excellent
Sunny,Weekday,Fresh,Low,Short,No,Excellent
Sunny,Weekday,Fresh,Low,Long,No,Poor
Sunny,Weekend,Fresh,High,Long,No,Good
Rainy,Festival,Stale,High,Long,Yes,Poor
Sunny,Weekend,Fresh,High,Short,Yes,Excellent
Sunny,Weekday,Fresh,Medium,Long,No,Good
Sunny,Weekend,Fresh,High,Short,No,Excellent
Humid,Weekend,Stale,High,Long,No,Poor
Rainy,Weekend,Fresh,Low,Short,No,Excellent
Sunny,Weekend,Fresh,High,Long,Yes,Good
Rainy,Weekday,Fresh,Low,Short,No,Excellent
Humid,Weekday,Fresh,Medium,Short,Yes,Good
Sunny,Weekday,Fresh,High,Long,Yes,Excellent
Rainy,Weekday,Stale,Low,Short,No,Excellent
Sunny,Weekday,Stale,Low,Short,No,Poor
Rainy,Weekday,Stale,Low,Short,No,Good
Sunny,Festival,Fresh,High,Long,No,Good
Humid,Weekend,Fresh,Low,Short,No,Excellent
Humid,Weekend,Stale,Medium,Short,No,Poor
Rainy,Weekday,Fresh,Medium,Short,No,Good
Rainy,Weekend,Fresh,High,Long,No,Excellent
Humid,Weekend,Stale,High,Long,Yes,Poor
Sunny,Weekday,Fresh,Low,Short,Yes,Excellent
Sunny,Weekday,Fresh,Medium,Short,Yes,Poor
Sunny,Weekday,Fresh,Medium,Short,No,Excellent
Rainy,Weekday,Fresh,Medium,Short,No,Good
Humid,Weekday,Stale,Medium,Short,No,Good
Sunny,Weekday,Fresh,Medium,Long,Yes,Poor
Sunny,Weekend,Fresh,High,Long,Yes,Excellent
Rainy,Weekend,Fresh,Medium,Short,No,Good
Sunny,Weekday,Fresh,Low,Short,No,Excellent
Rainy,Weekend,Stale,Medium,Short,Yes,Good
Humid,Weekday,Stale,Medium,Short,Yes,Poor
Sunny,Weekend,Fresh,High,Long,Yes,Poor
Humid,Weekday,Stale,Medium,Short,No,Poor
Sunny,Weekday,Fresh,Medium,Short,No,Good
Sunny,Weekday,Stale,Medium,Long,No,Poor
Sunny,Weekday,Fresh,Low,Short,No,Good
Sunny,Weekday,Fresh,Low,Short,No,Good
Sunny,Festival,Fresh,Low,Long,No,Good
Sunny,Weekday,Fresh,Medium,Long,No,Excellent
Rainy,Festival,Stale,Medium,Short,No,Poor
Sunny,Weekday,Stale,Medium,Short,Yes,Poor
Humid,Weekend,Fresh,High,Long,Yes,Good
Rainy,Weekday,Stale,Low,Short,No,Poor
Rainy,Festival,Fresh,Low,Short,Yes,Excellent
Rainy,Weekday,Fresh,Medium,Long,No,Good
Humid,Weekday,Stale,Medium,Long,No,Poor
Humid,Weekday,Fresh,Medium,Short,No,Excellent
Humid,Weekday,Stale,Low,Short,No,Good
Humid,Weekday,Fresh,Low,Short,No,Excellent
Humid,Weekend,Fresh,Medium,Short,No,Excellent
Sunny,Weekday,Fresh,Medium,Short,No,Excellent
Sunny,Weekend,Fresh,High,Long,Yes,Good
Sunny,Weekday,Fresh,Medium,Long,No,Excellent
Sunny,Festival,Fresh,High,Short,Yes,Excellent
Rainy,Weekday,Fresh,Low,Short,No,Excellent
Humid,Weekday,Fresh,Medium,Long,Yes,Good
Sunny,Weekday,Fresh,Medium,Long,No,Excellent
Rainy,Weekday,Fresh,Low,Short,No,Excellent
Sunny,Weekday,Fresh,Medium,Short,No,Good
Rainy,Weekend,Stale,High,Long,Yes,Poor
Humid,Weekday,Fresh,Low,Long,No,Good
Humid,Weekday,Stale,Medium,Long,Yes,Good
Sunny,Weekday,Fresh,Low,Short,No,Good
Rainy,Weekend,Fresh,Medium,Short,No,Excellent
Sunny,Weekday,Fresh,Low,Short,No,Excellent
Sunny,Weekday,Fresh,Low,Long,No,Excellent
Humid,Weekend,Fresh,Low,Short,No,Good
Sunny,Weekday,Fresh,Medium,Long,No,Excellent
Sunny,Weekday,Fresh,Low,Short,Yes,Excellent
Humid,Weekday,Stale,Medium,Short,No,Poor
Sunny,Festival,Fresh,High,Long,Yes,Excellent
Rainy,Weekday,Stale,Low,Short,No,Poor
Humid,Weekend,Fresh,Low,Short,No,Excellent
Sunny,Weekday,Fresh,Medium,Long,No,Excellent
Humid,Weekday,Fresh,High,Long,Yes,Excellent
Humid,Weekend,Fresh,Medium,Short,No,Good
Humid,Weekend,Fresh,High,Long,Yes,Good
Humid,Weekday,Fresh,High,Long,Yes,Excellent
Rainy,Weekend,Fresh,Low,Short,No,Excellent
Sunny,Weekday,Fresh,Low,Short,No,Good
Rainy,Weekend,Stale,Low,Short,No,Good
Humid,Weekday,Stale,High,Long,Yes,Poor
Sunny,Festival,Fresh,High,Long,Yes,Poor
Sunny,Weekday,Fresh,Low,Short,No,Good
Sunny,Weekday,Fresh,Medium,Long,Yes,Good
Rainy,Weekend,Fresh,Low,Short,No,Excellent
Humid,Weekday,Fresh,Low,Short,No,Excellent
Sunny,Weekday,Fresh,Medium,Long,No,Poor
Humid,Weekday,Fresh,Low,Short,No,Excellent
Humid,Weekday,Fresh,Medium,Long,No,Excellent
Rainy,Weekend,Fresh,Medium,Short,No,Good
Sunny,Festival,Stale,High,Short,Yes,Poor
Rainy,Weekday,Fresh,Medium,Short,No,Excellent
Rainy,Weekend,Fresh,Low,Short,No,Excellent
Sunny,Weekday,Fresh,Medium,Short,No,Excellent
Humid,Weekday,Fresh,Low,Short,No,Poor
Sunny,Weekday,Fresh,Medium,Long,No,Poor
Humid,Weekday,Fresh,High,Long,Yes,Excellent
Sunny,Weekday,Fresh,Medium,Short,No,Good
Rainy,Weekday,Stale,Low,Long,No,Poor
Sunny,Weekday,Fresh,Medium,Long,No,Good
Humid,Weekend,Stale,High,Short,No,Poor
Humid,Weekend,Stale,High,Long,No,Poor
Sunny,Weekend,Fresh,Medium,Short,No,Good
Sunny,Weekend,Fresh,Medium,Long,No,Good
Rainy,Weekend,Stale,Medium,Short,Yes,Poor
Sunny,Weekend,Fresh,High,Long,Yes,Poor
Sunny,Weekday,Fresh,Low,Short,No,Good
Sunny,Weekday,Stale,Low,Short,No,Poor
Humid,Weekday,Fresh,Medium,Long,No,Good
Sunny,Weekday,Fresh,Medium,Long,No,Excellent
Sunny,Weekend,Stale,Medium,Short,Yes,Good
Humid,Weekday,Fresh,High,Long,Yes,Good
Humid,Weekend,Stale,Medium,Long,No,Poor
Humid,Weekday,Fresh,Low,Short,No,Good
Humid,Weekday,Fresh,Low,Long,No,Excellent
Sunny,Weekend,Fresh,Medium,Short,No,Good
Sunny,Weekend,Fresh,High,Long,No,Excellent
Humid,Festival,Fresh,High,Long,Yes,Poor
Humid,Weekday,Stale,Medium,Short,No,Excellent
Sunny,Festival,Fresh,High,Long,Yes,Good
Rainy,Weekday,Fresh,Low,Long,No,Good
Sunny,Weekday,Fresh,High,Long,Yes,Poor
Rainy,Weekday,Fresh,Low,Short,No,Excellent
Humid,Weekend,Fresh,High,Long,Yes,Good
Rainy,Weekend,Fresh,Low,Short,No,Good
Rainy,Weekend,Fresh,High,Short,Yes,Good
Sunny,Festival,Fresh,Medium,Short,Yes,Excellent
Rainy,Weekday,Fresh,Low,Short,No,Excellent
Sunny,Weekday,Fresh,Medium,Short,No,Good
Humid,Weekday,Fresh,Low,Short,No,Good
Rainy,Festival,Fresh,High,Short,Yes,Excellent
Humid,Weekday,Stale,Medium,Short,No,Good
Humid,Weekday,Fresh,Medium,Long,No,Excellent
Sunny,Weekday,Fresh,High,Long,Yes,Good
Humid,Weekend,Fresh,Medium,Long,No,Good
Sunny,Weekend,Fresh,High,Long,Yes,Excellent
Sunny,Festival,Fresh,High,Short,Yes,Good
Sunny,Weekend,Fresh,High,Long,Yes,Excellent
Rainy,Weekend,Fresh,Low,Short,No,Good
Humid,Weekend,Stale,Medium,Long,Yes,Poor
Humid,Weekend,Fresh,High,Long,Yes,Good
Sunny,Weekday,Fresh,Low,Short,No,Good
Sunny,Festival,Fresh,Medium,Long,Yes,Excellent
Rainy,Weekend,Fresh,Medium,Long,No,Good
Sunny,Weekday,Stale,Low,Short,No,Good
Rainy,Weekday,Fresh,Low,Short,No,Excellent
Sunny,Festival,Fresh,High,Long,Yes,Good
Sunny,Weekend,Fresh,High,Long,Yes,Poor
Humid,Weekday,Stale,Medium,Long,No,Poor
Sunny,Festival,Fresh,High,Long,Yes,Excellent
Humid,Weekday,Fresh,Low,Short,No,Good
Sunny,Weekday,Fresh,High,Long,Yes,Good
Humid,Weekday,Stale,Medium,Short,No,Poor
Sunny,Weekday,Fresh,Low,Short,No,Poor
Sunny,Weekday,Fresh,Low,Short,No,Good
Sunny,Weekday,Fresh,Medium,Long,Yes,Good
Sunny,Weekday,Fresh,Medium,Short,No,Good
Sunny,Weekday,Fresh,High,Long,Yes,Poor
Humid,Weekend,Fresh,High,Long,Yes,Excellent
Rainy,Weekday,Fresh,Medium,Long,Yes,Excellent
Sunny,Weekend,Fresh,High,Long,Yes,Good
Sunny,Festival,Fresh,High,Long,Yes,Good
Rainy,Weekend,Stale,High,Long,Yes,Good
Sunny,Weekend,Fresh,Medium,Short,Yes,Excellent
Rainy,Weekend,Fresh,Low,Short,No,Excellent
Humid,Weekday,Fresh,Low,Short,No,Excellent
Sunny,Festival,Fresh,Medium,Short,No,Excellent
Sunny,Weekday,Fresh,Low,Short,No,Excellent
Rainy,Weekday,Fresh,Low,Short,No,Good
Humid,Weekend,Fresh,High,Long,No,Good
Humid,Weekday,Stale,Medium,Short,No,Excellent
Rainy,Weekday,Stale,Low,Short,No,Poor
Humid,Weekday,Fresh,Medium,Short,No,Excellent
Humid,Festival,Stale,High,Long,Yes,Poor
Rainy,Weekday,Fresh,Low,Short,Yes,Good
Sunny,Weekday,Fresh,Low,Short,No,Good
Sunny,Festival,Fresh,Low,Short,No,Excellent
Sunny,Weekday,Fresh,Low,Long,No,Excellent
Humid,Weekend,Fresh,Medium,Long,No,Poor
Rainy,Weekend,Fresh,Low,Short,No,Good
Humid,Weekend,Stale,Medium,Long,Yes,Good
Sunny,Weekday,Fresh,Medium,Short,No,Good
Rainy,Weekday,Fresh,Low,Short,No,Good
Sunny,Weekday,Fresh,Medium,Short,No,Excellent
Sunny,Weekend,Fresh,High,Long,No,Good
Humid,Weekday,Fresh,Low,Short,No,Poor
Sunny,Weekday,Fresh,Medium,Long,No,Poor
Sunny,Weekend,Stale,Medium,Short,No,Poor
Humid,Festival,Fresh,High,Long,No,Excellent
Humid,Weekend,Fresh,Low,Short,Yes,Excellent
Rainy,Weekday,Stale,Medium,Short,No,Poor
Sunny,Festival,Fresh,Medium,Short,No,Excellent
Rainy,Weekday,Fresh,Low,Short,No,Poor
Rainy,Festival,Fresh,Medium,Long,No,Excellent
Sunny,Weekend,Fresh,Medium,Short,No,Excellent
Humid,Festival,Stale,Medium,Short,No,Good
Humid,Festival,Stale,Medium,Short,Yes,Good
Sunny,Weekday,Fresh,Low,Short,No,Good
Sunny,Weekday,Fresh,Low,Short,No,Good
Rainy,Festival,Stale,High,Long,Yes,Good
Sunny,Weekday,Fresh,Medium,Short,Yes,Poor
Humid,Weekday,Fresh,High,Long,Yes,Good
Sunny,Weekday,Fresh,High,Long,Yes,Poor
Rainy,Weekday,Fresh,High,Long,No,Excellent
Humid,Weekday,Stale,Low,Short,No,Poor
Sunny,Weekday,Fresh,Low,Short,No,Poor
Rainy,Weekday,Stale,Low,Short,No,Good
Sunny,Festival,Fresh,High,Long,Yes,Poor
Humid,Festival,Fresh,High,Long,Yes,Excellent
Sunny,Festival,Fresh,High,Long,Yes,Good
Rainy,Weekend,Fresh,Medium,Short,No,Excellent
Rainy,Weekend,Fresh,High,Long,Yes,Good
Rainy,Weekday,Stale,Low,Long,No,Good
Humid,Weekend,Stale,High,Long,Yes,Poor
Sunny,Weekday,Fresh,Medium,Long,No,Excellent
Humid,Weekday,Fresh,Low,Short,No,Good
Rainy,Weekday,Fresh,Medium,Short,No,Excellent
Sunny,Weekday,Stale,Medium,Long,Yes,Poor
Sunny,Weekday,Fresh,High,Long,No,Good
Sunny,Weekend,Fresh,High,Long,Yes,Excellent
Rainy,Weekday,Fresh,Low,Short,No,Excellent
Sunny,Weekend,Stale,High,Long,Yes,Poor
Sunny,Weekday,Fresh,Low,Short,No,Good
Sunny,Weekend,Fresh,High,Long,No,Good
Rainy,Weekend,Fresh,Low,Long,No,Excellent
Sunny,Weekend,Fresh,Low,Short,No,Good
Humid,Weekday,Stale,Medium,Long,No,Excellent
Humid,Weekday,Stale,High,Short,Yes,Poor
Sunny,Weekday,Fresh,Low,Short,No,Good
Humid,Weekday,Fresh,High,Long,Yes,Excellent
Humid,Weekday,Stale,Medium,Short,No,Poor
Humid,Festival,Fresh,Medium,Short,No,Good
Sunny,Festival,Fresh,Medium,Long,Yes,Good
Sunny,Weekday,Fresh,Medium,Long,Yes,Poor
Humid,Weekday,Fresh,Low,Short,No,Excellent
Sunny,Weekday,Fresh,Medium,Short,No,Excellent
Sunny,Weekday,Fresh,Medium,Short,No,Excellent
Rainy,Weekday,Fresh,Low,Short,No,Excellent
Sunny,Weekday,Fresh,Medium,Short,No,Excellent
Sunny,Weekend,Fresh,Medium,Long,No,Good
Humid,Weekday,Fresh,Medium,Long,No,Excellent
Humid,Weekday,Stale,High,Short,No,Poor
Sunny,Weekday,Fresh,Medium,Long,No,Excellent
Sunny,Weekday,Fresh,Medium,Long,No,Excellent
Humid,Weekday,Stale,High,Long,Yes,Poor
Sunny,Weekend,Fresh,High,Long,No,Excellent
Rainy,Weekday,Fresh,Low,Short,No,Excellent
Rainy,Weekday,Fresh,Medium,Short,No,Good
Humid,Weekend,Fresh,Medium,Short,Yes,Good
Rainy,Weekend,Fresh,Medium,Short,No,Good
Sunny,Weekday,Stale,Medium,Short,No,Excellent
Sunny,Weekday,Fresh,Low,Short,No,Good
Rainy,Festival,Fresh,Medium,Short,No,Good
Humid,Weekend,Fresh,High,Long,No,Good
Sunny,Weekday,Fresh,Medium,Short,No,Good
Humid,Weekday,Fresh,Low,Short,No,Excellent
Humid,Weekend,Stale,Low,Short,No,Poor
Humid,Weekday,Stale,Low,Short,No,Poor
Sunny,Weekday,Stale,Low,Short,No,Poor
Sunny,Weekday,Fresh,Medium,Short,Yes,Excellent
Sunny,Weekday,Fresh,Low,Short,No,Poor
Sunny,Weekday,Fresh,Low,Long,No,Excellent
Sunny,Weekend,Stale,High,Long,No,Poor
Humid,Weekend,Fresh,Medium,Short,No,Good
Sunny,Weekday,Fresh,High,Long,Yes,Excellent
Sunny,Weekday,Fresh,Low,Short,No,Good
Rainy,Weekend,Fresh,Low,Short,No,Excellent
Sunny,Weekday,Fresh,Medium,Short,No,Excellent
Rainy,Weekend,Stale,High,Long,Yes,Good
Humid,Weekend,Fresh,Low,Short,No,Good
Humid,Weekend,Fresh,Medium,Long,No,Good
Sunny,Weekend,Fresh,Medium,Long,No,Excellent
Humid,Weekday,Fresh,Medium,Short,No,Good
Sunny,Weekend,Fresh,Medium,Long,No,Good
Sunny,Weekday,Fresh,High,Long,Yes,Excellent
Rainy,Weekday,Fresh,Low,Short,No,Good
Sunny,Weekday,Fresh,Low,Short,No,Excellent
Sunny,Weekday,Stale,Medium,Long,No,Poor
Humid,Weekday,Fresh,Low,Short,No,Excellent
Sunny,Weekday,Fresh,Medium,Long,No,Poor
Sunny,Weekend,Fresh,Medium,Long,No,Poor
Rainy,Festival,Fresh,High,Short,Yes,Good
Sunny,Festival,Fresh,Medium,Short,No,Good
Sunny,Weekday,Fresh,Medium,Short,No,Good
Rainy,Weekday,Fresh,Low,Short,No,Excellent
Sunny,Weekday,Stale,Medium,Long,No,Poor
Sunny,Weekday,Fresh,Medium,Long,Yes,Good
Rainy,Weekend,Stale,Low,Short,No,Good
Sunny,Weekday,Stale,High,Long,Yes,Poor
Rainy,Weekday,Fresh,Low,Short,No,Excellent
Rainy,Weekend,Fresh,Medium,Long,Yes,Good
Rainy,Weekend,Fresh,Medium,Short,No,Excellent
Sunny,Weekend,Fresh,Low,Short,No,Good
Sunny,Weekday,Stale,Medium,Long,No,Poor
Rainy,Weekday,Fresh,Low,Short,No,Poor
Rainy,Weekend,Fresh,Medium,Long,No,Good
Sunny,Weekend,Fresh,High,Long,No,Good
Sunny,Festival,Fresh,High,Long,Yes,Excellent
Sunny,Weekday,Fresh,Low,Short,No,Excellent
Sunny,Weekday,Fresh,Medium,Short,No,Excellent
Sunny,Weekday,Fresh,Low,Short,Yes,Good
Humid,Weekday,Fresh,Medium,Long,No,Good
Humid,Weekday,Fresh,High,Long,Yes,Excellent
Sunny,Festival,Fresh,Medium,Short,Yes,Excellent
Sunny,Weekend,Stale,High,Long,No,Good
Sunny,Weekday,Fresh,Low,Short,No,Good
Sunny,Weekday,Fresh,High,Long,Yes,Good
Sunny,Weekday,Stale,Low,Short,No,Good
Rainy,Weekend,Fresh,Low,Short,No,Excellent
Sunny,Weekday,Fresh,Medium,Long,No,Excellent
Sunny,Weekend,Fresh,High,Long,No,Good
Humid,Weekday,Fresh,Low,Short,No,Excellent
Rainy,Weekend,Fresh,Low,Short,No,Excellent
Rainy,Weekday,Fresh,Medium,Long,No,Excellent
Humid,Weekday,Fresh,Low,Short,No,Excellent
Sunny,Weekday,Fresh,Low,Short,No,Excellent
Sunny,Weekday,Fresh,High,Short,Yes,Excellent
Sunny,Weekend,Fresh,High,Long,No,Good
Rainy,Weekday,Stale,Medium,Short,Yes,Poor
Rainy,Weekday,Fresh,Low,Short,No,Good
Humid,Festival,Fresh,High,Long,No,Excellent
Rainy,Weekend,Fresh,Low,Short,No,Good
Humid,Weekday,Stale,Low,Short,No,Good
Humid,Festival,Stale,High,Long,Yes,Poor
Sunny,Weekend,Fresh,Medium,Long,No,Poor
Sunny,Weekday,Fresh,Low,Short,No,Excellent
Sunny,Weekday,Fresh,Medium,Short,Yes,Excellent
Rainy,Weekend,Fresh,Medium,Long,Yes,Good
Rainy,Weekday,Fresh,Low,Short,Yes,Excellent
Rainy,Weekday,Fresh,Medium,Short,No,Excellent
Rainy,Weekday,Fresh,Low,Short,Yes,Excellent
Rainy,Weekend,Stale,Low,Short,No,Poor
Sunny,Weekend,Fresh,High,Long,Yes,Good
Rainy,Weekday,Fresh,Low,Short,No,Good
Sunny,Weekday,Fresh,Medium,Short,No,Good
Humid,Festival,Fresh,High,Long,No,Good
Sunny,Festival,Fresh,High,Long,Yes,Excellent
Rainy,Weekday,Stale,Medium,Long,Yes,Poor
Rainy,Weekday,Fresh,Medium,Long,No,Good
Sunny,Weekday,Fresh,High,Long,No,Excellent
Rainy,Weekday,Fresh,Low,Short,No,Good
Rainy,Weekday,Fresh,Low,Short,No,Good
Sunny,Weekend,Fresh,High,Long,Yes,Good
Humid,Weekday,Stale,Medium,Short,No,Poor
Sunny,Weekday,Fresh,Low,Short,No,Excellent
Humid,Weekend,Fresh,Medium,Long,No,Excellent
Rainy,Weekend,Fresh,High,Long,No,Good
Humid,Weekday,Stale,High,Long,Yes,Poor
Sunny,Weekday,Fresh,Low,Long,No,Excellent
Humid,Weekday,Fresh,Low,Short,No,Good
Humid,Festival,Fresh,High,Long,Yes,Excellent
Sunny,Weekend,Fresh,High,Long,Yes,Excellent
Sunny,Weekday,Fresh,High,Long,No,Good
Sunny,Weekday,Fresh,Low,Short,No,Good
Sunny,Weekday,Fresh,Medium,Short,Yes,Excellent
Sunny,Festival,Fresh,Medium,Long,No,Good
Humid,Festival,Stale,Medium,Short,No,Good
Rainy,Weekday,Fresh,Low,Short,No,Good
Humid,Weekday,Fresh,Low,Short,No,Good
Humid,Weekday,Fresh,Medium,Short,No,Good
Rainy,Weekday,Stale,Low,Short,No,Good
Humid,Weekend,Fresh,Medium,Short,Yes,Excellent
Humid,Weekday,Stale,Low,Short,No,Good
Sunny,Weekday,Fresh,High,Long,Yes,Good
Rainy,Weekday,Stale,Low,Short,No,Poor
Sunny,Weekend,Fresh,Medium,Long,No,Good
Sunny,Weekend,Fresh,High,Long,Yes,Excellent
Humid,Weekday,Fresh,Medium,Short,Yes,Good
Humid,Weekday,Fresh,Medium,Long,No,Good
Rainy,Weekend,Fresh,Low,Short,Yes,Excellent
Sunny,Weekend,Fresh,Medium,Short,No,Good
Rainy,Weekend,Stale,Low,Short,No,Poor
Humid,Weekend,Stale,Low,Short,No,Excellent
Rainy,Weekday,Fresh,Low,Short,No,Excellent
Humid,Weekend,Fresh,Medium,Short,No,Excellent
Sunny,Weekday,Fresh,Medium,Short,No,Excellent
Sunny,Weekday,Fresh,Low,Short,No,Excellent
Humid,Weekend,Stale,Low,Short,No,Good
Sunny,Weekday,Fresh,High,Long,Yes,Poor
Sunny,Weekend,Stale,High,Long,Yes,Poor
Sunny,Weekday,Stale,High,Long,Yes,Good
Sunny,Weekday,Fresh,High,Long,Yes,Good
Humid,Weekday,Stale,Medium,Long,No,Poor
Sunny,Weekend,Fresh,Medium,Short,Yes,Good
Rainy,Weekday,Fresh,Low,Short,No,Good
Sunny,Weekend,Fresh,Medium,Short,No,Good
Rainy,Weekday,Fresh,Low,Short,No,Excellent
Rainy,Weekend,Fresh,Medium,Long,No,Excellent
Sunny,Weekday,Fresh,Medium,Short,No,Excellent
Rainy,Weekday,Fresh,Low,Short,No,Excellent
Humid,Weekday,Fresh,Low,Short,No,Excellent
Humid,Weekday,Fresh,Medium,Long,No,Good
Rainy,Weekday,Stale,Low,Short,No,Good
Rainy,Weekday,Stale,Low,Short,No,Poor
Sunny,Weekday,Stale,Medium,Long,No,Poor
Rainy,Weekday,Fresh,Low,Short,No,Excellent
Sunny,Weekend,Fresh,Low,Long,No,Poor
Sunny,Festival,Fresh,High,Long,Yes,Excellent
Humid,Weekday,Stale,Medium,Short,No,Poor
Sunny,Festival,Fresh,High,Long,No,Good
Sunny,Weekday,Fresh,Low,Short,No,Excellent
Humid,Weekend,Fresh,Medium,Short,No,Good
Humid,Festival,Fresh,High,Long,Yes,Excellent
Rainy,Weekday,Fresh,Low,Short,No,Good
Rainy,Weekday,Fresh,Medium,Short,Yes,Good
Sunny,Weekend,Fresh,Low,Long,No,Excellent
Sunny,Weekday,Fresh,Medium,Short,No,Good
Humid,Weekend,Fresh,High,Short,Yes,Excellent
Sunny,Weekend,Fresh,High,Short,Yes,Excellent
Sunny,Festival,Stale,High,Long,Yes,Poor
Humid,Weekend,Stale,Medium,Long,No,Excellent
Sunny,Weekday,Fresh,Medium,Short,No,Excellent
Rainy,Festival,Fresh,High,Long,Yes,Excellent
Humid,Weekday,Fresh,Low,Short,No,Good
Sunny,Weekday,Fresh,Medium,Short,No,Good
Sunny,Weekday,Fresh,Medium,Long,No,Good
Humid,Weekday,Stale,Low,Short,No,Good
Sunny,Weekday,Fresh,Low,Short,No,Good
Rainy,Weekend,Fresh,Medium,Short,No,Excellent
Humid,Festival,Fresh,High,Long,Yes,Good
Sunny,Weekday,Stale,High,Long,Yes,Poor
Rainy,Weekday,Stale,High,Short,Yes,Excellent
Humid,Weekend,Fresh,Medium,Short,No,Excellent
Sunny,Weekday,Fresh,Medium,Long,No,Good
Sunny,Weekday,Fresh,High,Long,Yes,Good
Humid,Festival,Stale,Medium,Short,No,Good
Rainy,Weekday,Fresh,Medium,Long,No,Good
Sunny,Weekday,Stale,Medium,Long,No,Poor
Sunny,Weekday,Stale,Medium,Long,No,Poor
Rainy,Weekend,Fresh,Medium,Long,No,Good
Sunny,Weekday,Fresh,Low,Short,No,Good
Rainy,Weekend,Fresh,Low,Short,No,Poor
Sunny,Weekday,Stale,Medium,Short,No,Poor
Sunny,Festival,Fresh,High,Long,Yes,Good
Sunny,Weekday,Fresh,Medium,Short,No,Good
Rainy,Weekday,Stale,Medium,Short,No,Good
Humid,Weekday,Fresh,Low,Short,No,Excellent
Sunny,Weekday,Stale,High,Long,Yes,Poor
Sunny,Weekday,Stale,Medium,Long,No,Poor
Sunny,Weekend,Fresh,Low,Short,No,Good
Sunny,Weekday,Fresh,High,Long,No,Good
Humid,Weekend,Fresh,Medium,Short,No,Poor
Humid,Weekend,Fresh,Medium,Short,No,Good
Sunny,Weekday,Fresh,Low,Short,No,Excellent
Sunny,Weekday,Fresh,High,Long,Yes,Excellent
Sunny,Weekend,Fresh,Medium,Short,Yes,Good
Sunny,Weekend,Stale,High,Long,Yes,Poor
Rainy,Weekday,Stale,Low,Short,No,Poor
Sunny,Weekday,Fresh,Medium,Long,No,Good
Humid,Weekday,Fresh,Low,Short,No,Excellent
Sunny,Weekday,Fresh,Medium,Long,No,Good
Humid,Weekday,Fresh,Low,Short,No,Excellent
Rainy,Weekday,Fresh,Low,Short,Yes,Excellent
Sunny,Weekday,Fresh,Medium,Long,No,Good
Rainy,Weekday,Fresh,Low,Short,No,Good
Rainy,Weekend,Stale,Low,Short,No,Poor
Humid,Weekend,Fresh,Medium,Short,No,Excellent
Humid,Weekend,Fresh,Medium,Short,Yes,Good
Sunny,Weekday,Fresh,High,Long,Yes,Excellent
Sunny,Festival,Fresh,Low,Short,No,Excellent
Humid,Weekday,Fresh,Medium,Short,No,Excellent
Rainy,Weekend,Fresh,Low,Short,No,Excellent
Sunny,Weekday,Fresh,Medium,Short,No,Excellent
Sunny,Festival,Stale,Medium,Long,Yes,Poor
Sunny,Weekday,Fresh,High,Long,Yes,Good
Humid,Weekday,Fresh,Medium,Long,Yes,Excellent
Sunny,Weekend,Fresh,Low,Short,No,Good
Rainy,Weekend,Fresh,Low,Long,No,Good
Rainy,Weekend,Fresh,High,Short,Yes,Good
Rainy,Weekend,Fresh,Low,Long,No,Good
Humid,Weekday,Fresh,Medium,Short,No,Excellent
Rainy,Weekday,Fresh,Low,Short,No,Good
Rainy,Weekday,Stale,Low,Short,Yes,Good
Sunny,Festival,Fresh,High,Long,Yes,Good
Humid,Weekday,Fresh,Medium,Long,Yes,Excellent
Sunny,Weekday,Fresh,Medium,Long,Yes,Poor
Rainy,Weekday,Fresh,Low,Short,No,Good
Sunny,Weekday,Fresh,Medium,Short,No,Poor
Humid,Festival,Fresh,Medium,Short,No,Excellent
Sunny,Weekend,Fresh,High,Long,Yes,Excellent
Humid,Weekend,Fresh,High,Long,No,Good
Humid,Weekday,Stale,Medium,Short,Yes,Poor
Rainy,Weekday,Fresh,Medium,Long,No,Good
Rainy,Festival,Fresh,High,Long,Yes,Excellent
Sunny,Weekday,Fresh,High,Long,Yes,Good
Humid,Weekday,Fresh,High,Long,Yes,Good
Sunny,Weekend,Fresh,High,Long,Yes,Good
Sunny,Weekday,Fresh,Medium,Short,No,Excellent
Humid,Weekday,Fresh,Low,Short,No,Good
Rainy,Weekday,Fresh,Low,Short,No,Good
Humid,Weekend,Stale,Medium,Short,No,Poor
Humid,Weekday,Fresh,Low,Short,No,Good
Humid,Weekend,Fresh,Medium,Long,No,Good
Humid,Weekday,Fresh,Low,Short,No,Excellent
Humid,Weekend,Fresh,Low,Short,No,Excellent
Sunny,Weekday,Stale,Medium,Long,No,Poor
Rainy,Weekday,Fresh,Low,Short,Yes,Good
Sunny,Weekday,Fresh,High,Long,Yes,Good
Rainy,Weekday,Fresh,Low,Short,No,Good
Rainy,Festival,Fresh,High,Long,Yes,Poor
Rainy,Weekday,Fresh,Low,Short,No,Good
Rainy,Weekday,Fresh,Low,Short,No,Good
Rainy,Weekday,Fresh,Low,Short,No,Excellent
Rainy,Weekday,Fresh,Low,Short,No,Good
Humid,Weekday,Stale,Medium,Short,No,Poor
Sunny,Festival,Fresh,High,Long,No,Poor
Humid,Weekday,Fresh,Low,Short,No,Good
Rainy,Festival,Fresh,High,Long,Yes,Good
Humid,Weekday,Stale,Medium,Short,No,Excellent
Sunny,Weekend,Fresh,High,Long,Yes,Good
Sunny,Weekday,Fresh,Low,Short,No,Good
Humid,Weekend,Stale,High,Long,Yes,Excellent
Rainy,Weekend,Fresh,Medium,Long,Yes,Good
Rainy,Weekday,Fresh,Low,Short,No,Excellent
Sunny,Weekend,Fresh,High,Long,No,Good
Humid,Weekday,Fresh,Low,Short,Yes,Good
Humid,Weekday,Stale,Medium,Long,No,Poor
Sunny,Weekend,Fresh,Medium,Long,No,Good
Sunny,Weekday,Fresh,Low,Short,No,Excellent
Humid,Festival,Stale,High,Long,Yes,Poor
Humid,Weekend,Fresh,High,Long,Yes,Good
Rainy,Weekday,Fresh,Low,Long,No,Good
Sunny,Weekday,Fresh,Medium,Long,No,Good
Rainy,Weekday,Stale,Low,Short,No,Excellent
Sunny,Weekday,Fresh,Medium,Short,No,Good
Humid,Weekend,Stale,Low,Short,No,Excellent
Humid,Weekend,Stale,High,Long,No,Good
Sunny,Weekday,Stale,Low,Short,No,Poor
Rainy,Weekday,Stale,Medium,Long,No,Poor
Rainy,Weekend,Fresh,Medium,Long,No,Good
Rainy,Weekend,Stale,Medium,Short,No,Good
Sunny,Weekday,Stale,Low,Short,No,Good
Humid,Festival,Fresh,Low,Short,No,Good
Humid,Weekday,Fresh,Medium,Long,No,Poor
Rainy,Weekday,Fresh,Low,Short,No,Excellent
Sunny,Weekday,Fresh,Low,Long,No,Excellent
Sunny,Weekday,Stale,High,Long,Yes,Poor
Rainy,Weekday,Stale,Low,Short,No,Good
Sunny,Weekday,Fresh,Low,Short,No,Excellent
Sunny,Weekday,Fresh,Low,Short,No,Excellent
Sunny,Weekday,Stale,Medium,Long,No,Poor
Humid,Weekday,Stale,Medium,Long,No,Poor
Humid,Weekend,Stale,Medium,Long,No,Good
Humid,Weekday,Stale,Low,Short,No,Poor
Rainy,Weekday,Fresh,Low,Short,No,Excellent
Sunny,Weekend,Fresh,High,Long,Yes,Poor
Rainy,Weekday,Stale,Low,Short,No,Poor
Rainy,Weekday,Fresh,Medium,Short,No,Excellent
Rainy,Weekday,Fresh,Low,Short,Yes,Poor
Rainy,Weekday,Fresh,Low,Short,No,Excellent
Sunny,Weekday,Fresh,Low,Short,No,Good
Sunny,Weekday,Fresh,Low,Short,No,Good
Rainy,Weekend,Stale,Medium,Long,No,Poor
Sunny,Weekday,Fresh,Medium,Short,No,Good
Humid,Weekday,Fresh,Medium,Long,No,Good
Humid,Weekday,Fresh,Low,Long,No,Excellent
Humid,Weekend,Fresh,High,Long,No,Poor
Humid,Weekday,Fresh,Medium,Short,Yes,Good
Humid,Weekday,Stale,Low,Short,No,Poor
Humid,Weekday,Fresh,Low,Long,No,Good
Rainy,Weekday,Fresh,Medium,Long,No,Excellent
Sunny,Festival,Stale,High,Short,Yes,Good
Sunny,Weekday,Fresh,Medium,Long,No,Good
Rainy,Weekday,Stale,Low,Short,No,Poor
Rainy,Weekend,Stale,Medium,Long,Yes,Poor
Humid,Weekday,Fresh,Medium,Long,No,Excellent
Sunny,Weekday,Fresh,Medium,Short,No,Good
Sunny,Weekday,Fresh,Medium,Long,No,Poor
Rainy,Weekday,Stale,Low,Short,No,Good
Rainy,Weekday,Fresh,Low,Short,No,Good
Sunny,Festival,Fresh,Medium,Short,No,Poor
Humid,Weekday,Fresh,Medium,Short,No,Good
Sunny,Festival,Fresh,High,Long,Yes,Poor
Sunny,Festival,Fresh,High,Long,Yes,Good
Humid,Weekday,Fresh,High,Long,Yes,Excellent
Sunny,Weekday,Fresh,Low,Short,No,Good
Rainy,Weekday,Fresh,Medium,Long,Yes,Good
Rainy,Weekend,Fresh,Medium,Short,No,Good
Sunny,Weekday,Fresh,Medium,Short,No,Excellent
Humid,Weekday,Stale,Medium,Long,Yes,Good
Sunny,Weekday,Fresh,High,Long,Yes,Good
Sunny,Weekday,Fresh,Medium,Short,No,Poor
Sunny,Weekday,Fresh,Medium,Short,Yes,Excellent
Humid,Festival,Stale,High,Long,Yes,Poor
Rainy,Weekday,Fresh,Medium,Long,No,Excellent
Rainy,Weekday,Fresh,Medium,Short,No,Excellent
Sunny,Weekday,Fresh,Medium,Long,Yes,Excellent
Sunny,Weekday,Fresh,Low,Short,No,Good
Rainy,Weekday,Stale,Low,Short,No,Poor
Humid,Weekday,Fresh,Low,Short,No,Good
Humid,Weekend,Fresh,Medium,Long,No,Excellent
Sunny,Weekday,Fresh,Medium,Short,Yes,Excellent
Rainy,Weekend,Fresh,Low,Short,No,Excellent
Humid,Festival,Fresh,High,Long,No,Good
Humid,Festival,Stale,Medium,Short,No,Good
Sunny,Weekday,Stale,Low,Short,No,Good
Rainy,Weekend,Fresh,Medium,Long,No,Excellent
Sunny,Weekday,Fresh,Low,Long,No,Good
Sunny,Festival,Stale,High,Long,Yes,Good
Humid,Weekday,Stale,Low,Short,No,Poor
Rainy,Weekday,Fresh,Medium,Short,No,Good
Sunny,Weekday,Fresh,Medium,Long,Yes,Good
Sunny,Weekday,Stale,High,Long,No,Poor
Sunny,Weekday,Fresh,High,Short,No,Good
Humid,Weekend,Stale,Medium,Long,Yes,Poor
Rainy,Weekend,Stale,High,Long,No,Poor
Sunny,Weekend,Stale,High,Short,No,Good
Humid,Weekday,Fresh,Low,Short,No,Excellent
Humid,Weekend,Fresh,Medium,Short,No,Excellent
Sunny,Weekday,Fresh,Medium,Short,No,Good
Humid,Weekend,Stale,Medium,Long,No,Poor
Sunny,Weekday,Stale,Medium,Long,No,Good
Sunny,Weekday,Fresh,Low,Short,No,Poor
Rainy,Weekday,Stale,Low,Short,No,Good
Sunny,Weekend,Fresh,Medium,Short,No,Good
Sunny,Weekday,Fresh,Medium,Short,No,Good
Humid,Weekend,Fresh,Medium,Short,Yes,Excellent
Sunny,Weekday,Fresh,Medium,Short,Yes,Good
Sunny,Weekday,Fresh,High,Long,No,Excellent
Rainy,Weekend,Stale,Medium,Short,No,Good
Sunny,Weekday,Fresh,Medium,Long,No,Good
Sunny,Weekend,Fresh,Medium,Short,No,Good
Rainy,Weekday,Stale,Low,Short,No,Poor
Rainy,Weekend,Stale,Low,Short,No,Poor
Rainy,Weekday,Fresh,Low,Short,No,Good
Sunny,Festival,Fresh,High,Long,No,Poor
Humid,Weekday,Stale,High,Short,No,Poor
Rainy,Weekday,Fresh,Low,Short,No,Good
Sunny,Weekday,Fresh,Low,Short,No,Excellent
Rainy,Weekday,Fresh,Low,Short,No,Excellent
Sunny,Weekday,Fresh,Medium,Short,No,Excellent
Humid,Weekday,Fresh,Medium,Short,No,Excellent
Sunny,Weekend,Fresh,High,Long,Yes,Good
Sunny,Festival,Fresh,High,Short,No,Good
Sunny,Weekend,Fresh,High,Long,Yes,Good
Rainy,Weekend,Stale,Low,Short,No,Poor
Sunny,Weekday,Fresh,Low,Short,No,Good
Rainy,Weekday,Fresh,Low,Short,No,Excellent
Sunny,Weekday,Stale,High,Long,Yes,Poor
Sunny,Weekday,Fresh,Low,Short,No,Good
Sunny,Weekend,Fresh,High,Long,Yes,Excellent
Rainy,Weekday,Stale,Low,Long,No,Good
Sunny,Weekday,Fresh,Medium,Long,No,Excellent
Rainy,Weekday,Fresh,Low,Short,No,Good
Sunny,Weekday,Fresh,Low,Short,No,Excellent
Rainy,Weekday,Stale,Medium,Short,No,Good
Rainy,Weekday,Fresh,Low,Short,No,Excellent
Sunny,Weekday,Fresh,Medium,Short,No,Poor
Humid,Weekday,Fresh,High,Long,No,Excellent
Sunny,Weekday,Fresh,Low,Short,No,Excellent
Sunny,Festival,Fresh,High,Long,Yes,Excellent
Sunny,Weekend,Fresh,Medium,Short,No,Excellent
Humid,Weekend,Fresh,Medium,Long,No,Good
Humid,Weekday,Stale,Low,Long,No,Poor
Sunny,Festival,Fresh,Medium,Short,No,Excellent
Sunny,Weekend,Stale,Medium,Long,No,Poor
Rainy,Weekday,Fresh,Low,Short,No,Good
Sunny,Weekday,Fresh,High,Long,No,Good
Sunny,Weekend,Fresh,High,Long,Yes,Poor
Sunny,Weekday,Fresh,Medium,Short,Yes,Poor
Sunny,Weekday,Fresh,High,Long,No,Excellent
Sunny,Weekend,Stale,Low,Short,No,Poor
Humid,Festival,Fresh,Low,Long,No,Excellent
Sunny,Festival,Fresh,High,Long,Yes,Good
Sunny,Weekday,Fresh,Medium,Short,No,Excellent
Rainy,Weekday,Stale,Low,Short,No,Poor
Sunny,Weekday,Fresh,Medium,Short,No,Excellent
Sunny,Weekday,Fresh,Medium,Long,No,Excellent
Humid,Weekday,Stale,Low,Short,No,Poor
Sunny,Weekend,Fresh,Medium,Long,No,Poor
Humid,Festival,Stale,Medium,Long,No,Poor
Sunny,Weekday,Fresh,Low,Short,No,Poor
Sunny,Weekday,Fresh,Medium,Short,Yes,Excellent
Sunny,Weekday,Fresh,Medium,Short,No,Excellent
Sunny,Weekend,Fresh,Medium,Long,Yes,Excellent
Rainy,Weekday,Fresh,Medium,Long,No,Good
Sunny,Weekday,Fresh,Medium,Short,No,Excellent
Sunny,Weekday,Fresh,Medium,Short,No,Excellent
Humid,Weekday,Stale,High,Long,Yes,Poor
Rainy,Weekend,Fresh,Low,Short,No,Poor
Sunny,Weekday,Fresh,Low,Short,No,Good
Rainy,Weekday,Stale,Medium,Short,No,Good
Rainy,Weekday,Fresh,Medium,Long,No,Good
Sunny,Weekday,Fresh,Medium,Short,Yes,Excellent
Sunny,Weekday,Fresh,High,Long,Yes,Good
Rainy,Weekday,Stale,Low,Short,No,Poor
Sunny,Weekday,Fresh,Medium,Long,No,Poor
Sunny,Weekday,Fresh,Medium,Short,No,Excellent
Sunny,Weekend,Fresh,High,Long,Yes,Good
Humid,Festival,Fresh,High,Short,Yes,Good
Rainy,Weekday,Fresh,Low,Short,No,Excellent
Rainy,Festival,Stale,High,Long,Yes,Poor
Humid,Weekday,Stale,Low,Short,No,Good
Sunny,Weekend,Stale,High,Long,Yes,Poor
Rainy,Weekday,Stale,Low,Short,No,Poor
Humid,Weekend,Fresh,Medium,Short,No,Excellent
Rainy,Weekend,Fresh,Low,Short,No,Good
Humid,Weekday,Stale,Medium,Short,No,Poor
Humid,Weekend,Fresh,Medium,Short,No,Good
Humid,Weekday,Fresh,Medium,Long,No,Good
Sunny,Weekday,Fresh,Low,Short,No,Excellent
Sunny,Weekday,Fresh,Low,Short,No,Excellent
Sunny,Weekday,Fresh,Medium,Short,No,Excellent
Rainy,Weekday,Fresh,Low,Short,No,Good
Rainy,Weekday,Fresh,Low,Short,No,Poor
Humid,Weekend,Fresh,Low,Short,No,Good
Sunny,Weekday,Fresh,Medium,Short,No,Excellent
Sunny,Weekend,Fresh,High,Long,Yes,Excellent
Sunny,Weekday,Stale,High,Long,Yes,Poor
Sunny,Weekend,Fresh,High,Long,No,Excellent
Sunny,Weekday,Fresh,Medium,Long,No,Good
Sunny,Festival,Fresh,High,Long,Yes,Poor
Humid,Weekday,Stale,Medium,Short,No,Excellent
Rainy,Weekend,Stale,Low,Short,No,Poor
Sunny,Weekday,Fresh,Low,Short,No,Excellent
Sunny,Weekend,Fresh,Medium,Short,Yes,Good
Sunny,Weekday,Fresh,Low,Short,No,Good
Humid,Weekend,Stale,Medium,Long,Yes,Poor
Humid,Weekday,Fresh,Medium,Long,No,Excellent
Sunny,Weekend,Fresh,Medium,Long,No,Excellent
Rainy,Weekday,Stale,Low,Short,No,Poor
Sunny,Weekday,Fresh,Medium,Long,No,Good
Sunny,Weekend,Fresh,High,Short,Yes,Good
Rainy,Weekday,Stale,Low,Short,No,Poor
Rainy,Weekend,Stale,Low,Short,No,Good
Rainy,Weekend,Fresh,Low,Short,No,Good
Sunny,Weekday,Fresh,Medium,Short,No,Good
Sunny,Weekday,Fresh,Medium,Long,No,Poor
Humid,Weekend,Fresh,Medium,Long,No,Excellent
Rainy,Weekend,Stale,High,Long,Yes,Poor
Humid,Weekday,Fresh,Low,Short,No,Excellent
Humid,Weekend,Stale,Low,Short,No,Good
Sunny,Weekday,Fresh,Medium,Short,No,Good
Rainy,Weekend,Stale,Low,Short,Yes,Good
Sunny,Weekend,Fresh,Medium,Long,Yes,Good
Humid,Weekday,Fresh,Medium,Short,Yes,Good
Humid,Weekday,Fresh,Medium,Long,No,Poor
Rainy,Weekday,Fresh,Medium,Long,No,Good
Rainy,Weekday,Stale,Low,Short,No,Poor
Sunny,Weekday,Stale,Medium,Short,No,Poor
Sunny,Weekday,Fresh,Medium,Short,No,Excellent
Rainy,Weekday,Fresh,Low,Short,No,Poor
Humid,Weekday,Stale,Medium,Short,No,Excellent
Sunny,Weekday,Fresh,Medium,Short,No,Excellent
Sunny,Weekday,Fresh,Medium,Long,Yes,Excellent
Rainy,Weekday,Stale,Low,Short,No,Good
Rainy,Weekday,Fresh,Low,Short,No,Good
Humid,Weekend,Fresh,High,Long,Yes,Good
Sunny,Weekday,Fresh,Low,Short,No,Good
Humid,Weekend,Stale,High,Long,Yes,Poor
Rainy,Weekday,Fresh,Low,Long,No,Excellent
Humid,Weekend,Fresh,Medium,Short,Yes,Excellent
Rainy,Festival,Fresh,High,Long,Yes,Excellent
Rainy,Weekend,Stale,Low,Short,No,Poor
Rainy,Weekend,Fresh,Low,Short,No,Excellent
Humid,Weekday,Stale,Medium,Long,No,Poor
Sunny,Weekday,Fresh,Low,Long,No,Excellent
Humid,Festival,Fresh,High,Long,Yes,Excellent
Rainy,Weekday,Stale,Low,Short,No,Poor
Rainy,Weekday,Stale,Low,Short,No,Good
Sunny,Weekend,Fresh,High,Long,Yes,Good
Sunny,Weekday,Fresh,High,Long,No,Good
Humid,Weekday,Fresh,Low,Long,No,Good
Rainy,Weekday,Fresh,Low,Short,No,Excellent
Sunny,Weekend,Fresh,Medium,Long,No,Good
Humid,Weekday,Fresh,Medium,Short,Yes,Excellent
Sunny,Weekday,Fresh,Medium,Short,No,Good
Rainy,Weekday,Fresh,Low,Long,No,Good
Sunny,Weekend,Fresh,Medium,Short,No,Excellent
Sunny,Weekday,Fresh,Medium,Long,No,Excellent
Rainy,Festival,Stale,High,Long,Yes,Poor
Sunny,Weekend,Fresh,Medium,Short,Yes,Good
Sunny,Festival,Fresh,High,Long,Yes,Poor
Sunny,Weekend,Fresh,High,Long,Yes,Excellent
Sunny,Weekday,Fresh,Medium,Long,No,Good
Sunny,Weekday,Fresh,Low,Short,No,Good
Sunny,Weekday,Fresh,Medium,Long,Yes,Good
Humid,Weekday,Fresh,Low,Short,No,Good
Sunny,Weekday,Fresh,High,Long,Yes,Excellent
Humid,Weekend,Stale,High,Long,No,Poor
Rainy,Weekday,Fresh,Low,Short,No,Good
Humid,Weekday,Stale,Medium,Long,No,Poor
Sunny,Weekend,Fresh,High,Long,Yes,Good
Rainy,Festival,Stale,Low,Short,No,Poor
Sunny,Weekday,Fresh,Medium,Short,No,Excellent
Sunny,Weekday,Fresh,High,Long,Yes,Poor
Humid,Weekend,Fresh,High,Long,Yes,Good
Humid,Weekday,Stale,Medium,Short,No,Good
Sunny,Weekend,Fresh,Medium,Short,Yes,Good
Sunny,Weekday,Stale,Low,Short,No,Poor
Humid,Weekend,Stale,Low,Short,No,Excellent
Humid,Weekday,Stale,Low,Short,No,Poor
Sunny,Weekend,Fresh,High,Long,Yes,Good
Sunny,Weekday,Stale,High,Long,Yes,Poor
Sunny,Weekend,Fresh,High,Long,Yes,Good
Sunny,Weekday,Fresh,Low,Short,Yes,Excellent
Humid,Weekday,Fresh,Medium,Short,No,Excellent
Humid,Weekday,Stale,Low,Short,No,Good
Sunny,Weekend,Fresh,High,Long,Yes,Good
Humid,Weekday,Fresh,Medium,Short,No,Good
Rainy,Weekday,Stale,Low,Short,No,Poor
Humid,Festival,Stale,High,Long,No,Poor
Sunny,Weekend,Fresh,Medium,Short,Yes,Excellent
Rainy,Weekday,Fresh,Medium,Short,No,Good
Sunny,Weekday,Fresh,Medium,Short,No,Excellent
Rainy,Weekday,Fresh,High,Long,Yes,Good
Sunny,Weekday,Fresh,High,Long,Yes,Good
Sunny,Weekday,Fresh,Medium,Long,No,Good
Rainy,Festival,Fresh,Low,Short,No,Excellent
Humid,Weekday,Stale,High,Long,Yes,Poor
Rainy,Weekend,Fresh,Medium,Short,Yes,Excellent
Rainy,Weekend,Stale,High,Long,Yes,Excellent
Sunny,Weekend,Fresh,Low,Short,No,Good
Humid,Weekday,Stale,High,Long,Yes,Poor
Rainy,Weekday,Fresh,Low,Short,No,Good
Sunny,Weekday,Fresh,Low,Short,No,Excellent
Humid,Festival,Fresh,Medium,Short,No,Good
Rainy,Weekday,Fresh,Medium,Short,No,Excellent
Sunny,Weekday,Fresh,High,Long,Yes,Good
Sunny,Weekday,Fresh,Low,Short,No,Good
Sunny,Weekday,Stale,Medium,Short,No,Poor
Sunny,Weekday,Fresh,Medium,Long,No,Excellent
Sunny,Weekend,Fresh,High,Long,Yes,Good
Sunny,Weekday,Fresh,Medium,Short,Yes,Good
Rainy,Weekday,Fresh,Low,Short,No,Excellent
Humid,Weekend,Fresh,High,Long,Yes,Excellent
Humid,Weekday,Fresh,Medium,Short,No,Good
Sunny,Weekday,Fresh,Medium,Long,No,Poor
Sunny,Festival,Fresh,Medium,Long,No,Poor
Rainy,Weekend,Fresh,Medium,Short,Yes,Good
Sunny,Weekend,Stale,High,Long,No,Poor
Rainy,Weekday,Fresh,Medium,Short,No,Good
Sunny,Weekday,Fresh,High,Long,No,Good
Humid,Weekday,Stale,Low,Short,No,Poor
Humid,Weekday,Stale,Medium,Long,No,Good
Sunny,Weekday,Fresh,High,Long,No,Good
Sunny,Weekday,Fresh,Medium,Long,No,Good
Sunny,Weekday,Stale,High,Long,Yes,Poor
Sunny,Weekday,Fresh,Low,Short,No,Good
Sunny,Weekday,Fresh,Medium,Short,Yes,Good
Sunny,Weekday,Fresh,Medium,Long,No,Good
Sunny,Weekday,Fresh,Medium,Long,No,Good
Humid,Weekday,Stale,High,Long,Yes,Excellent
Sunny,Weekday,Fresh,High,Long,Yes,Excellent
Sunny,Weekend,Stale,High,Long,No,Poor
Humid,Weekend,Stale,High,Long,Yes,Poor
Humid,Weekday,Fresh,High,Long,Yes,Excellent
Sunny,Weekday,Stale,High,Long,No,Poor
Rainy,Weekday,Stale,Low,Short,No,Good
Sunny,Weekday,Fresh,Medium,Short,Yes,Excellent
Rainy,Weekday,Stale,Low,Short,No,Good
Sunny,Weekday,Fresh,High,Long,No,Good
Sunny,Weekday,Fresh,Medium,Short,No,Good
Sunny,Weekday,Fresh,Medium,Short,No,Excellent
Rainy,Weekday,Stale,Low,Short,No,Good
Sunny,Weekday,Fresh,Low,Short,No,Excellent
Rainy,Weekday,Stale,Low,Short,No,Good
Humid,Weekday,Fresh,Medium,Long,Yes,Poor
Sunny,Weekend,Fresh,Low,Short,No,Good
Sunny,Weekday,Fresh,High,Long,Yes,Good
Sunny,Weekday,Fresh,Medium,Long,No,Poor
Humid,Weekday,Fresh,Medium,Short,Yes,Good
Rainy,Weekday,Fresh,Medium,Short,No,Excellent
Sunny,Festival,Fresh,Medium,Long,No,Excellent
Rainy,Weekend,Fresh,High,Long,No,Good
Humid,Weekday,Fresh,High,Long,No,Good
Sunny,Weekday,Stale,High,Long,Yes,Poor
Humid,Festival,Fresh,High,Long,Yes,Excellent
Sunny,Weekend,Fresh,Medium,Short,No,Good
Humid,Weekday,Fresh,Low,Short,No,Excellent
Sunny,Weekday,Fresh,Low,Short,No,Excellent
Humid,Weekday,Fresh,Low,Short,No,Good
Sunny,Weekday,Fresh,Low,Short,No,Excellent
Sunny,Festival,Fresh,Medium,Short,No,Excellent
Rainy,Weekday,Stale,Low,Short,No,Good
Humid,Weekday,Fresh,Medium,Short,No,Excellent
Sunny,Weekday,Fresh,Low,Short,No,Excellent
Rainy,Festival,Fresh,Medium,Short,No,Good
Rainy,Festival,Fresh,High,Long,No,Excellent
Sunny,Weekend,Stale,High,Long,Yes,Poor
Rainy,Weekday,Fresh,Low,Long,No,Excellent
Sunny,Weekday,Fresh,Low,Short,No,Excellent
Humid,Weekday,Fresh,High,Short,Yes,Excellent
Sunny,Weekend,Fresh,High,Long,Yes,Good
Sunny,Weekday,Fresh,Low,Short,No,Good
Humid,Weekend,Fresh,Low,Short,No,Excellent
Humid,Weekend,Stale,Medium,Short,Yes,Good
Sunny,Weekend,Fresh,Medium,Long,No,Good
Humid,Weekend,Stale,Medium,Short,No,Good
Rainy,Weekend,Stale,Low,Short,No,Poor
Sunny,Weekend,Fresh,High,Long,No,Excellent
Sunny,Weekend,Fresh,High,Long,Yes,Good
Humid,Weekday,Stale,Medium,Short,No,Good
Sunny,Weekday,Fresh,Medium,Short,No,Excellent
Sunny,Weekday,Fresh,Medium,Long,No,Good
Humid,Weekend,Stale,High,Short,Yes,Poor
Humid,Weekday,Stale,Low,Short,No,Poor
Rainy,Weekday,Fresh,High,Long,No,Excellent
Rainy,Weekday,Stale,Low,Short,No,Good
Rainy,Weekend,Fresh,Low,Short,No,Good
Sunny,Festival,Fresh,High,Long,No,Excellent
Rainy,Festival,Fresh,Medium,Long,No,Excellent
Humid,Weekend,Stale,Low,Short,No,Good
Sunny,Weekday,Stale,Medium,Long,No,Poor
Rainy,Weekday,Fresh,Low,Short,No,Good
Sunny,Weekend,Fresh,Medium,Long,No,Excellent
Humid,Weekend,Fresh,Medium,Short,No,Excellent
Humid,Weekday,Fresh,Low,Short,No,Good
Rainy,Weekday,Fresh,Low,Short,No,Excellent
Humid,Weekend,Fresh,Medium,Long,No,Excellent
Rainy,Weekend,Fresh,Low,Long,No,Poor
Sunny,Weekend,Fresh,High,Long,Yes,Excellent
Sunny,Weekday,Fresh,Low,Short,No,Excellent
Sunny,Weekday,Stale,Medium,Short,No,Good
Humid,Weekend,Fresh,Low,Short,No,Excellent
Sunny,Weekend,Fresh,Medium,Long,Yes,Excellent
Sunny,Weekend,Fresh,Medium,Short,Yes,Good
Sunny,Weekday,Fresh,Medium,Short,No,Good
Humid,Weekday,Stale,Low,Long,No,Poor
Sunny,Weekend,Fresh,High,Long,Yes,Good
Rainy,Weekend,Stale,Low,Short,No,Excellent
Humid,Weekday,Fresh,Medium,Long,No,Good
Rainy,Weekend,Fresh,Low,Short,No,Excellent
Rainy,Weekday,Fresh,Medium,Short,No,Good
Humid,Weekday,Stale,High,Long,No,Poor
Sunny,Weekday,Fresh,Low,Short,No,Excellent
Sunny,Weekday,Fresh,Low,Short,No,Good
Sunny,Weekday,Fresh,Low,Short,No,Good
Sunny,Weekday,Fresh,Low,Short,No,Good
Sunny,Weekday,Stale,Medium,Long,Yes,Poor
Sunny,Weekday,Fresh,High,Long,No,Good
Humid,Weekday,Stale,Low,Long,No,Poor
Sunny,Weekday,Fresh,Medium,Long,No,Excellent
Rainy,Weekday,Fresh,Medium,Short,No,Poor
Humid,Festival,Stale,High,Long,Yes,Poor
Sunny,Weekday,Stale,High,Long,No,Good
Sunny,Weekday,Fresh,Medium,Long,Yes,Excellent
Sunny,Weekday,Stale,High,Long,Yes,Good
Sunny,Weekday,Fresh,High,Long,No,Good
Humid,Weekday,Fresh,Medium,Long,Yes,Excellent
Sunny,Weekend,Fresh,Medium,Short,No,Good
Sunny,Weekday,Fresh,High,Long,Yes,Good
Humid,Weekday,Fresh,Medium,Short,Yes,Excellent
Sunny,Weekday,Fresh,Low,Short,No,Good
Humid,Festival,Stale,Medium,Short,No,Poor
Humid,Weekend,Fresh,Low,Long,No,Excellent
Humid,Weekday,Fresh,Medium,Long,Yes,Good
Sunny,Weekday,Fresh,Medium,Long,Yes,Good
Sunny,Weekday,Fresh,Medium,Short,No,Good
Humid,Weekend,Fresh,Medium,Short,Yes,Good
Sunny,Weekday,Stale,Medium,Short,Yes,Good
Rainy,Weekday,Stale,Medium,Long,No,Good
Sunny,Weekend,Fresh,High,Long,No,Good
Sunny,Weekday,Fresh,Low,Short,No,Good
Sunny,Weekend,Fresh,Medium,Short,No,Good
Rainy,Weekday,Fresh,Medium,Short,Yes,Excellent
Rainy,Weekday,Fresh,High,Long,Yes,Good
Humid,Festival,Stale,Low,Short,No,Excellent
Sunny,Weekday,Fresh,Low,Short,No,Excellent
Humid,Festival,Fresh,High,Long,Yes,Good
Rainy,Weekday,Fresh,Low,Short,No,Good
Sunny,Festival,Fresh,High,Long,Yes,Good
Humid,Weekday,Fresh,High,Long,No,Good
Humid,Weekend,Fresh,Medium,Short,No,Excellent
Sunny,Weekday,Fresh,Medium,Short,No,Good
Sunny,Weekday,Fresh,Low,Short,No,Excellent
Humid,Weekday,Stale,Medium,Short,No,Poor
Sunny,Weekday,Fresh,Medium,Short,Yes,Good
Sunny,Weekday,Fresh,Medium,Short,Yes,Excellent
Humid,Weekday,Stale,Medium,Long,No,Poor
Rainy,Weekday,Stale,Low,Short,No,Poor
Sunny,Festival,Fresh,High,Long,No,Good
Sunny,Weekday,Fresh,Medium,Long,Yes,Poor
Humid,Weekend,Fresh,Medium,Short,Yes,Excellent
Rainy,Festival,Stale,High,Long,No,Poor
Sunny,Festival,Fresh,High,Long,Yes,Excellent
Humid,Weekday,Stale,Low,Short,No,Good
Sunny,Weekend,Fresh,Medium,Short,Yes,Good
Humid,Weekday,Fresh,Low,Short,No,Good
Sunny,Weekend,Fresh,Low,Short,No,Excellent
Humid,Weekday,Stale,Low,Short,No,Poor
Sunny,Weekday,Fresh,Medium,Long,No,Excellent
Humid,Weekday,Fresh,Medium,Short,No,Good
Sunny,Festival,Stale,High,Long,Yes,Poor
Sunny,Weekday,Fresh,Low,Short,No,Excellent
Sunny,Festival,Fresh,High,Short,Yes,Good
Sunny,Weekend,Fresh,High,Long,Yes,Good
Sunny,Weekday,Fresh,High,Long,Yes,Excellent
Sunny,Festival,Fresh,High,Long,No,Excellent
Humid,Weekday,Stale,Low,Short,No,Excellent
Sunny,Weekday,Fresh,Medium,Short,No,Excellent
Rainy,Weekday,Stale,Medium,Short,No,Poor
Humid,Festival,Fresh,High,Long,Yes,Good
Humid,Weekday,Fresh,Low,Short,No,Excellent
Humid,Weekday,Fresh,Low,Short,No,Excellent
Rainy,Weekday,Fresh,Medium,Short,Yes,Poor
Humid,Weekday,Stale,Medium,Long,No,Good
Sunny,Weekday,Fresh,Medium,Long,Yes,Poor
Humid,Weekday,Fresh,Low,Short,No,Excellent
Sunny,Weekday,Fresh,Medium,Long,No,Good
Humid,Weekday,Fresh,Low,Short,No,Good
Sunny,Weekday,Fresh,Medium,Long,Yes,Good
Humid,Weekday,Fresh,Low,Long,No,Excellent
Sunny,Festival,Fresh,High,Long,No,Good
Rainy,Weekday,Fresh,Low,Short,No,Good
Sunny,Weekend,Fresh,Medium,Short,No,Excellent
Humid,Weekday,Stale,High,Long,Yes,Poor
Humid,Weekend,Fresh,High,Long,Yes,Good
Sunny,Weekday,Stale,Medium,Short,No,Poor
Humid,Festival,Fresh,High,Short,Yes,Excellent
Sunny,Weekend,Stale,Low,Long,No,Poor
Sunny,Weekday,Stale,Medium,Short,No,Poor
Sunny,Weekday,Fresh,Low,Short,Yes,Good
Sunny,Weekend,Fresh,High,Long,Yes,Good
Humid,Weekday,Stale,Low,Short,No,Poor
Sunny,Festival,Fresh,High,Short,Yes,Excellent
Sunny,Weekday,Fresh,High,Long,No,Good
Sunny,Festival,Fresh,High,Long,Yes,Excellent
Rainy,Weekday,Fresh,Low,Long,No,Excellent
Humid,Weekend,Stale,Medium,Long,No,Poor
Humid,Weekday,Fresh,Medium,Short,Yes,Excellent
Humid,Weekday,Stale,Medium,Long,No,Good
Rainy,Weekday,Fresh,Low,Short,No,Excellent
Humid,Weekday,Fresh,Low,Short,Yes,Excellent
Humid,Weekday,Fresh,Low,Short,No,Excellent
Sunny,Weekend,Fresh,Medium,Long,No,Excellent
Humid,Weekday,Fresh,Low,Short,No,Excellent
Rainy,Weekday,Fresh,High,Long,No,Poor
Humid,Weekday,Fresh,High,Long,Yes,Good
Humid,Weekday,Fresh,Medium,Short,No,Good
Rainy,Weekday,Stale,Low,Long,No,Good
Sunny,Weekday,Fresh,Medium,Short,Yes,Good
Sunny,Weekday,Fresh,Medium,Short,No,Good
Rainy,Weekday,Fresh,Low,Long,No,Good
Rainy,Weekday,Fresh,Low,Short,No,Good
Sunny,Weekend,Fresh,Medium,Short,Yes,Good
Sunny,Weekend,Stale,High,Long,Yes,Poor
Sunny,Festival,Fresh,High,Short,Yes,Good
Humid,Weekday,Fresh,Low,Short,No,Excellent
Sunny,Weekday,Stale,Medium,Short,No,Good
Humid,Weekend,Fresh,Medium,Long,No,Excellent
Humid,Weekend,Fresh,Medium,Short,Yes,Excellent
Sunny,Weekday,Fresh,High,Short,No,Excellent
Rainy,Weekday,Stale,Low,Short,No,Good
Sunny,Festival,Fresh,High,Long,Yes,Good
Humid,Weekend,Fresh,Medium,Long,No,Good
Sunny,Festival,Fresh,High,Long,Yes,Excellent
Sunny,Weekday,Stale,Medium,Long,Yes,Good
Sunny,Weekday,Fresh,Low,Short,No,Poor
Sunny,Weekday,Fresh,Low,Short,No,Excellent
Sunny,Weekday,Fresh,Medium,Long,No,Excellent
Sunny,Weekday,Fresh,Low,Short,No,Excellent
Sunny,Weekday,Fresh,Medium,Short,No,Excellent
Sunny,Weekday,Fresh,Low,Short,No,Good
Sunny,Weekday,Fresh,Medium,Long,No,Good
Humid,Weekday,Fresh,Low,Short,No,Good
Rainy,Weekend,Stale,Low,Short,No,Good
Sunny,Weekend,Fresh,High,Short,Yes,Good
Rainy,Weekday,Fresh,Low,Short,No,Excellent
Humid,Weekend,Stale,High,Long,Yes,Excellent
Sunny,Weekend,Fresh,High,Short,Yes,Excellent
Sunny,Festival,Stale,Low,Short,No,Good
Rainy,Weekday,Fresh,Medium,Short,No,Excellent
Sunny,Weekend,Fresh,High,Long,No,Poor
Sunny,Weekday,Fresh,Medium,Short,No,Good
Humid,Weekend,Stale,Medium,Long,No,Poor
Humid,Festival,Stale,Medium,Short,No,Poor
Rainy,Weekday,Stale,Medium,Short,No,Poor
Humid,Weekend,Fresh,Medium,Long,No,Poor
Sunny,Weekend,Fresh,Medium,Long,Yes,Good
Sunny,Weekend,Fresh,Medium,Short,Yes,Good
Sunny,Weekday,Fresh,Medium,Short,Yes,Excellent
Humid,Weekday,Stale,Medium,Short,No,Good
Rainy,Weekday,Fresh,Low,Short,No,Good
Sunny,Weekend,Fresh,Low,Short,No,Excellent
Sunny,Weekday,Fresh,High,Long,Yes,Good
Sunny,Weekday,Fresh,Medium,Short,No,Excellent
Sunny,Weekend,Fresh,High,Long,Yes,Good
Humid,Weekday,Fresh,Medium,Short,No,Excellent
Rainy,Weekday,Stale,Low,Short,No,Good
Sunny,Weekday,Fresh,Medium,Long,No,Good
Humid,Weekday,Fresh,High,Long,Yes,Poor
Rainy,Weekend,Fresh,Medium,Short,No,Excellent
Sunny,Weekday,Fresh,Medium,Short,No,Good
Rainy,Weekday,Fresh,Low,Long,No,Excellent
Humid,Weekend,Fresh,High,Long,Yes,Good
Humid,Weekday,Fresh,High,Long,Yes,Good
Sunny,Festival,Fresh,High,Long,No,Good
Sunny,Festival,Fresh,High,Long,No,Good
Sunny,Weekday,Fresh,Low,Short,No,Excellent
Rainy,Weekday,Fresh,Medium,Long,No,Excellent
Rainy,Weekend,Stale,High,Long,Yes,Poor
Sunny,Festival,Fresh,High,Long,Yes,Excellent
Humid,Weekend,Fresh,High,Long,No,Good
Sunny,Weekday,Fresh,Medium,Short,No,Excellent
Rainy,Weekday,Stale,Medium,Long,No,Good
Humid,Weekend,Fresh,High,Long,Yes,Excellent
Rainy,Weekend,Fresh,Low,Short,No,Good
Humid,Weekend,Stale,High,Long,Yes,Poor
Sunny,Weekday,Stale,High,Long,No,Poor
Sunny,Weekend,Fresh,High,Short,Yes,Excellent
Humid,Weekday,Stale,High,Long,Yes,Poor
Rainy,Weekday,Fresh,Low,Short,No,Good
Sunny,Weekday,Fresh,Medium,Short,No,Excellent
Sunny,Weekday,Fresh,Low,Short,No,Excellent
Sunny,Weekend,Stale,Low,Short,Yes,Good
Sunny,Weekday,Stale,High,Long,No,Poor
Sunny,Weekend,Fresh,Medium,Long,No,Good
Sunny,Weekday,Fresh,High,Long,Yes,Poor
Sunny,Weekday,Fresh,Medium,Short,Yes,Good
Humid,Weekend,Fresh,Low,Short,No,Excellent
Rainy,Weekday,Fresh,Low,Short,No,Good
Rainy,Festival,Fresh,Medium,Long,No,Excellent
Sunny,Weekday,Fresh,Low,Short,No,Excellent
Humid,Festival,Stale,Low,Short,No,Good
Humid,Weekday,Fresh,Low,Short,No,Good
Sunny,Weekday,Fresh,Medium,Short,No,Excellent
Humid,Weekday,Stale,Medium,Short,No,Good
Sunny,Weekend,Fresh,High,Short,No,Good
Sunny,Weekday,Stale,Medium,Long,No,Poor
Sunny,Weekend,Fresh,Medium,Short,No,Excellent
Rainy,Weekday,Fresh,Low,Short,No,Good
Sunny,Festival,Fresh,Medium,Short,No,Excellent
Humid,Weekend,Fresh,High,Long,Yes,Good
Humid,Weekday,Fresh,Low,Short,No,Good
Sunny,Weekday,Stale,Low,Short,No,Good
Rainy,Weekday,Fresh,Medium,Short,No,Poor
Sunny,Weekday,Stale,Medium,Short,Yes,Good
Sunny,Weekday,Fresh,Low,Short,No,Excellent
Humid,Weekend,Stale,High,Long,Yes,Poor
Humid,Weekend,Fresh,Medium,Short,No,Good
Humid,Weekend,Fresh,Medium,Short,No,Poor
Sunny,Weekday,Fresh,Medium,Long,Yes,Poor
Sunny,Weekday,Fresh,Low,Short,No,Good
Humid,Weekend,Stale,Medium,Short,Yes,Good
Sunny,Weekend,Fresh,High,Long,No,Poor
Rainy,Weekend,Fresh,Low,Short,No,Good
Sunny,Festival,Stale,High,Short,Yes,Poor
Sunny,Weekday,Fresh,High,Long,Yes,Poor
Rainy,Weekday,Fresh,Low,Short,No,Excellent
Sunny,Weekday,Fresh,Low,Short,No,Excellent
Sunny,Weekday,Fresh,Low,Short,No,Excellent
Sunny,Weekday,Stale,High,Long,No,Poor
Rainy,Weekend,Fresh,Low,Short,No,Excellent
Sunny,Weekday,Fresh,Low,Short,No,Good
Humid,Weekend,Stale,High,Long,Yes,Poor
Rainy,Weekend,Fresh,Low,Short,No,Good
Humid,Weekday,Fresh,Medium,Short,No,Excellent
Rainy,Weekend,Fresh,Low,Short,No,Good
Rainy,Weekend,Stale,Medium,Short,No,Good
Sunny,Weekday,Fresh,Low,Short,No,Poor
Rainy,Weekday,Fresh,Medium,Long,No,Good
Humid,Weekday,Fresh,Low,Short,No,Excellent
Sunny,Weekday,Fresh,High,Long,No,Good
Sunny,Weekend,Fresh,Medium,Long,No,Good
Sunny,Weekday,Fresh,Medium,Long,No,Excellent
Sunny,Weekday,Fresh,Medium,Short,No,Excellent
Rainy,Weekend,Stale,Medium,Short,Yes,Good
Humid,Weekday,Fresh,Medium,Short,No,Good
Sunny,Weekday,Fresh,Low,Long,No,Good
Rainy,Weekend,Stale,High,Long,Yes,Good
Humid,Weekday,Stale,High,Long,No,Poor
Sunny,Festival,Fresh,Medium,Short,No,Excellent
Sunny,Weekend,Fresh,High,Long,Yes,Good
Humid,Weekday,Fresh,Low,Short,No,Excellent
Rainy,Weekday,Fresh,Low,Short,No,Good
Humid,Weekend,Fresh,Medium,Long,No,Good
Humid,Weekday,Stale,High,Long,Yes,Poor
Humid,Weekend,Fresh,Medium,Long,Yes,Excellent
Humid,Weekend,Fresh,Medium,Long,No,Good
Humid,Festival,Stale,Medium,Short,No,Good
Sunny,Weekday,Fresh,High,Long,No,Excellent
Sunny,Weekend,Fresh,Low,Short,No,Excellent
Sunny,Weekday,Fresh,High,Long,Yes,Good
Rainy,Weekend,Stale,Low,Short,No,Good
Sunny,Festival,Fresh,High,Long,No,Good
Sunny,Weekday,Fresh,Low,Short,No,Good
Humid,Weekday,Fresh,Medium,Long,No,Excellent
Humid,Weekend,Fresh,Medium,Short,Yes,Good
Rainy,Weekday,Fresh,Low,Long,No,Excellent
Sunny,Weekday,Fresh,Low,Short,No,Good
Sunny,Festival,Fresh,Low,Short,No,Excellent
Sunny,Weekend,Fresh,High,Long,No,Good
Humid,Weekend,Fresh,High,Long,No,Excellent
Sunny,Weekday,Stale,Low,Short,No,Good
Humid,Festival,Stale,High,Long,Yes,Poor
Humid,Weekday,Fresh,Low,Short,No,Excellent
Sunny,Weekday,Fresh,Medium,Short,Yes,Excellent
Humid,Weekday,Fresh,Medium,Long,Yes,Excellent
Sunny,Weekday,Fresh,Medium,Short,No,Good
Humid,Weekday,Fresh,Medium,Long,No,Good
Rainy,Weekday,Stale,Low,Short,No,Poor
Rainy,Weekday,Fresh,Medium,Short,No,Excellent
Humid,Weekday,Fresh,Low,Short,No,Good
Rainy,Weekend,Fresh,Low,Short,No,Excellent
Sunny,Weekday,Fresh,High,Long,No,Good
Sunny,Weekday,Fresh,Medium,Short,No,Good
Sunny,Weekend,Fresh,High,Long,Yes,Good
Humid,Weekend,Stale,High,Long,Yes,Good
Rainy,Weekend,Stale,Low,Short,No,Good
Sunny,Weekday,Stale,Medium,Long,No,Poor
Sunny,Weekday,Fresh,Medium,Long,No,Excellent
Humid,Weekday,Fresh,Medium,Short,No,Good
Sunny,Weekend,Fresh,High,Short,Yes,Good
Rainy,Weekend,Fresh,Low,Short,No,Excellent
Sunny,Weekday,Fresh,Low,Short,No,Excellent
Sunny,Weekend,Stale,High,Long,Yes,Poor
Sunny,Weekday,Fresh,Low,Long,No,Good
Sunny,Weekend,Fresh,Medium,Long,Yes,Poor
Humid,Festival,Fresh,Low,Short,No,Poor
Sunny,Weekday,Stale,Medium,Short,No,Poor
Sunny,Weekday,Fresh,Low,Short,No,Good
Humid,Festival,Fresh,High,Long,Yes,Excellent
Humid,Weekday,Stale,Medium,Short,No,Poor
Sunny,Weekday,Stale,High,Long,Yes,Good
Sunny,Weekday,Stale,Medium,Long,No,Poor
Sunny,Weekend,Stale,High,Long,No,Poor
Sunny,Weekday,Fresh,Medium,Short,No,Good
Sunny,Weekday,Fresh,High,Long,No,Poor
Sunny,Weekday,Fresh,Low,Short,No,Good
Rainy,Weekday,Fresh,Low,Short,No,Excellent
Sunny,Weekday,Fresh,High,Long,Yes,Good
Humid,Weekend,Fresh,Medium,Long,No,Poor
Humid,Weekday,Stale,Medium,Long,No,Poor
Sunny,Weekday,Fresh,High,Long,Yes,Good
Humid,Weekday,Fresh,Medium,Long,No,Excellent
Sunny,Weekday,Fresh,Low,Short,No,Poor
Sunny,Weekend,Stale,High,Long,No,Excellent
Sunny,Weekday,Fresh,Low,Short,No,Excellent
Rainy,Weekday,Fresh,Low,Short,No,Good
Sunny,Weekday,Fresh,Low,Long,No,Good
Sunny,Weekend,Fresh,Low,Short,No,Good
Humid,Weekday,Fresh,Medium,Long,No,Excellent
Humid,Weekday,Fresh,Medium,Long,No,Good
Humid,Weekend,Fresh,High,Long,Yes,Excellent
Sunny,Weekday,Fresh,Medium,Short,No,Good
Sunny,Weekday,Fresh,Low,Short,No,Poor
Rainy,Weekday,Fresh,Low,Short,No,Good
Sunny,Festival,Fresh,High,Long,Yes,Excellent
Sunny,Weekday,Fresh,High,Long,Yes,Good
Rainy,Weekend,Stale,Medium,Short,Yes,Good
Sunny,Weekday,Fresh,Low,Short,No,Excellent
Rainy,Weekend,Fresh,Low,Short,No,Poor
Sunny,Weekday,Fresh,Low,Short,No,Excellent
Humid,Weekend,Fresh,Medium,Long,Yes,Excellent
Humid,Weekend,Fresh,Medium,Short,No,Excellent
Humid,Weekday,Stale,Medium,Long,No,Good
Rainy,Festival,Fresh,Medium,Short,No,Good
Sunny,Weekday,Fresh,High,Long,Yes,Good
Humid,Weekday,Stale,Medium,Short,Yes,Good
Rainy,Weekend,Stale,Medium,Short,No,Poor
Sunny,Weekday,Fresh,Medium,Long,No,Good
Humid,Weekday,Stale,Medium,Long,No,Poor
Sunny,Weekend,Fresh,High,Long,Yes,Good
Sunny,Weekday,Fresh,Medium,Long,Yes,Good
Humid,Festival,Stale,Medium,Long,Yes,Good
Humid,Festival,Fresh,Medium,Short,Yes,Excellent
Humid,Weekend,Fresh,High,Long,No,Good
Rainy,Weekday,Stale,Low,Short,No,Good
Humid,Weekend,Fresh,Medium,Long,No,Excellent
Rainy,Weekend,Stale,Low,Short,No,Poor
Humid,Weekday,Fresh,Low,Short,No,Good
Sunny,Weekend,Stale,Low,Short,No,Good
Sunny,Weekday,Stale,Medium,Short,No,Poor
Sunny,Weekday,Fresh,Medium,Long,No,Excellent
Sunny,Weekday,Fresh,Low,Short,No,Good
Sunny,Weekday,Fresh,Medium,Long,No,Excellent
Humid,Weekday,Fresh,Low,Short,No,Good
Humid,Weekend,Fresh,Low,Short,No,Poor
Humid,Weekend,Stale,High,Short,Yes,Poor
Sunny,Weekday,Fresh,Low,Short,No,Good
Humid,Weekday,Fresh,Medium,Long,No,Poor
Sunny,Weekday,Fresh,Medium,Long,Yes,Poor
Rainy,Weekday,Stale,Medium,Short,No,Poor
Sunny,Weekday,Fresh,Medium,Short,No,Excellent
Sunny,Weekend,Fresh,Medium,Short,No,Good
Humid,Festival,Stale,High,Long,No,Poor
Sunny,Weekday,Fresh,Low,Short,No,Excellent
Rainy,Weekday,Fresh,High,Long,No,Poor
Humid,Weekend,Fresh,High,Short,No,Good
Sunny,Weekday,Fresh,Medium,Short,No,Good
Sunny,Weekday,Stale,Low,Short,No,Excellent
Sunny,Weekend,Fresh,Medium,Short,No,Excellent
Humid,Weekday,Fresh,Low,Short,No,Good
Sunny,Festival,Fresh,High,Long,Yes,Excellent
Sunny,Weekday,Fresh,Medium,Short,No,Good
Humid,Weekend,Fresh,Medium,Long,No,Excellent
Sunny,Weekend,Fresh,High,Short,Yes,Good
Rainy,Weekend,Fresh,Low,Long,No,Excellent
Humid,Weekday,Fresh,Medium,Long,Yes,Good
Humid,Weekend,Fresh,Medium,Short,No,Good
Rainy,Weekday,Fresh,Low,Short,No,Excellent
Rainy,Weekday,Fresh,Low,Short,No,Excellent
Sunny,Weekend,Fresh,High,Short,No,Excellent
Humid,Weekday,Stale,Low,Short,No,Poor
Sunny,Weekend,Stale,Medium,Short,No,Poor
Sunny,Weekday,Fresh,Medium,Long,No,Excellent
Sunny,Weekend,Fresh,Medium,Short,No,Excellent
Sunny,Weekend,Fresh,Medium,Long,No,Poor
Sunny,Weekday,Fresh,Low,Short,No,Good
Sunny,Weekend,Fresh,Medium,Short,No,Excellent
Humid,Weekday,Stale,Medium,Short,No,Poor
Sunny,Weekend,Fresh,Low,Short,No,Good
Sunny,Weekend,Fresh,High,Long,No,Good
Sunny,Weekend,Fresh,Medium,Short,No,Excellent
Sunny,Weekend,Fresh,Medium,Short,No,Good
Humid,Weekday,Fresh,Low,Short,No,Excellent
Sunny,Weekday,Fresh,High,Long,Yes,Excellent
Humid,Weekend,Fresh,Medium,Short,No,Good
Sunny,Weekday,Fresh,High,Long,Yes,Poor
Humid,Weekday,Stale,Low,Short,No,Good
Rainy,Weekday,Fresh,Medium,Long,No,Good
Sunny,Weekend,Fresh,Low,Short,No,Good
Humid,Weekday,Fresh,Low,Short,No,Good
Sunny,Weekend,Fresh,Medium,Long,No,Excellent
Sunny,Weekday,Fresh,Low,Short,No,Excellent
Sunny,Weekday,Fresh,Medium,Long,No,Excellent
Rainy,Weekend,Fresh,Low,Short,Yes,Excellent
Sunny,Weekday,Fresh,Medium,Long,Yes,Excellent
Humid,Weekend,Fresh,Medium,Short,No,Good
Sunny,Weekday,Stale,Medium,Short,Yes,Good
Rainy,Weekday,Fresh,Medium,Long,No,Good
Sunny,Weekday,Fresh,Low,Short,No,Good
Humid,Weekend,Stale,High,Long,Yes,Poor
Humid,Weekday,Stale,Low,Short,No,Poor
Rainy,Weekend,Fresh,Medium,Long,Yes,Good
Sunny,Weekend,Fresh,Low,Short,No,Excellent
Sunny,Weekday,Fresh,High,Long,No,Good
Humid,Weekend,Fresh,High,Long,Yes,Good
Humid,Weekend,Fresh,High,Long,Yes,Good
Sunny,Festival,Fresh,High,Long,Yes,Excellent
Humid,Weekday,Stale,High,Short,Yes,Good
Humid,Weekday,Fresh,Medium,Short,Yes,Excellent
Humid,Weekday,Stale,High,Short,No,Poor
Sunny,Weekend,Fresh,Medium,Long,Yes,Good
Sunny,Weekday,Fresh,Medium,Short,No,Excellent
Sunny,Festival,Fresh,Medium,Short,No,Good
Sunny,Weekend,Fresh,High,Long,Yes,Good
Sunny,Weekday,Fresh,Medium,Short,No,Excellent
Rainy,Weekend,Fresh,Low,Short,No,Good
Sunny,Weekday,Fresh,Medium,Long,No,Excellent
Rainy,Weekday,Fresh,Medium,Long,No,Good
Sunny,Weekend,Stale,High,Long,Yes,Good
Sunny,Weekend,Fresh,Medium,Short,Yes,Excellent
Sunny,Weekend,Fresh,Medium,Short,No,Good
Sunny,Weekday,Fresh,High,Long,Yes,Excellent
Rainy,Weekday,Fresh,Medium,Long,Yes,Good
Rainy,Weekday,Stale,Low,Short,No,Excellent
Rainy,Weekday,Fresh,Low,Short,No,Good
Sunny,Weekday,Fresh,Low,Short,No,Good
Sunny,Weekday,Fresh,Medium,Long,No,Excellent
Humid,Weekday,Fresh,Medium,Short,No,Good
Rainy,Weekend,Fresh,Medium,Short,Yes,Excellent
Sunny,Weekday,Stale,Medium,Short,No,Poor
Rainy,Weekday,Fresh,Low,Short,No,Excellent
Sunny,Weekday,Fresh,High,Long,No,Excellent
Humid,Weekday,Fresh,Medium,Short,No,Good
Humid,Weekend,Stale,High,Long,Yes,Poor
Rainy,Weekday,Fresh,High,Long,Yes,Excellent
Rainy,Weekday,Fresh,Medium,Short,No,Excellent
Sunny,Weekday,Fresh,Medium,Short,Yes,Poor
Humid,Weekday,Stale,Medium,Long,No,Poor
Sunny,Festival,Stale,High,Long,Yes,Poor
Sunny,Weekend,Fresh,Medium,Short,Yes,Good
Sunny,Weekend,Fresh,Low,Short,No,Excellent
Sunny,Festival,Fresh,High,Long,Yes,Good
Sunny,Weekday,Fresh,Low,Short,No,Excellent
Sunny,Weekend,Fresh,High,Long,Yes,Excellent
Humid,Weekday,Stale,Low,Long,No,Poor
Rainy,Weekday,Fresh,Low,Short,No,Poor
Sunny,Weekend,Fresh,Medium,Long,Yes,Poor
Rainy,Weekday,Stale,Medium,Long,No,Poor
Humid,Weekend,Stale,Medium,Long,No,Poor
Sunny,Weekday,Fresh,Medium,Long,No,Poor
Rainy,Festival,Fresh,Medium,Long,No,Excellent
Humid,Weekend,Stale,Medium,Short,Yes,Good
Sunny,Weekend,Fresh,Medium,Long,Yes,Excellent
Sunny,Weekend,Fresh,High,Long,Yes,Excellent
Rainy,Festival,Fresh,High,Long,Yes,Poor
Sunny,Weekday,Fresh,Medium,Long,No,Excellent
Sunny,Weekday,Fresh,Medium,Short,No,Excellent
Sunny,Festival,Fresh,Low,Short,No,Good
Sunny,Weekend,Fresh,High,Short,Yes,Excellent
Rainy,Weekend,Fresh,High,Long,Yes,Good
Humid,Weekday,Fresh,Low,Long,No,Good
Humid,Festival,Fresh,High,Short,Yes,Good
Rainy,Weekday,Stale,Medium,Short,No,Poor
Humid,Weekend,Stale,Low,Short,No,Poor
Sunny,Festival,Fresh,High,Long,Yes,Excellent
Humid,Weekday,Fresh,High,Long,No,Good
Humid,Weekday,Fresh,High,Long,Yes,Excellent
Sunny,Weekday,Fresh,Medium,Short,No,Good
Sunny,Weekday,Fresh,Medium,Long,No,Excellent
Sunny,Weekday,Fresh,Low,Short,No,Good
Humid,Festival,Fresh,High,Long,No,Excellent
Sunny,Weekend,Fresh,High,Long,Yes,Good
Rainy,Weekday,Fresh,Medium,Short,No,Excellent
Sunny,Weekday,Fresh,Medium,Short,No,Excellent
Sunny,Weekday,Fresh,High,Long,No,Excellent
Sunny,Weekend,Fresh,High,Long,No,Good
Sunny,Weekday,Fresh,Medium,Short,No,Good
Sunny,Weekday,Fresh,High,Long,Yes,Poor
Humid,Weekend,Fresh,Low,Short,No,Good
Rainy,Festival,Fresh,Medium,Short,No,Good
Sunny,Weekend,Fresh,Medium,Short,Yes,Good
Rainy,Festival,Fresh,Low,Short,No,Excellent
Sunny,Weekday,Stale,Medium,Long,Yes,Poor
Sunny,Weekday,Stale,Low,Short,No,Good
Sunny,Weekend,Fresh,Low,Short,No,Good
Rainy,Weekday,Fresh,Low,Short,No,Good
Sunny,Weekday,Stale,High,Long,Yes,Poor
Humid,Weekday,Fresh,Low,Short,No,Excellent
Sunny,Weekday,Fresh,Medium,Short,No,Good
Humid,Weekend,Stale,Medium,Short,No,Poor
Sunny,Weekend,Fresh,High,Long,Yes,Good
Humid,Weekend,Stale,Medium,Short,Yes,Poor
Humid,Weekend,Stale,Medium,Long,No,Poor
Sunny,Weekend,Fresh,Low,Short,No,Poor
Humid,Festival,Stale,High,Long,Yes,Good
Rainy,Weekday,Stale,Medium,Short,No,Good
Sunny,Weekday,Stale,Low,Short,No,Good
Humid,Festival,Stale,High,Long,No,Poor
Sunny,Weekend,Fresh,High,Long,No,Good
Sunny,Weekend,Fresh,High,Long,Yes,Good
Humid,Weekend,Fresh,Low,Short,No,Good
Humid,Weekend,Fresh,Medium,Short,No,Excellent
Humid,Weekday,Fresh,Low,Long,No,Good
Rainy,Weekday,Stale,Low,Long,No,Poor
Humid,Weekday,Stale,Medium,Short,No,Excellent
Sunny,Weekday,Fresh,Medium,Long,Yes,Poor
Humid,Weekday,Stale,Medium,Short,No,Poor
Humid,Weekend,Fresh,High,Long,No,Poor
Rainy,Weekday,Stale,Low,Short,No,Excellent
Humid,Weekday,Fresh,Medium,Long,No,Excellent
Humid,Weekday,Fresh,Medium,Long,No,Good
Sunny,Weekend,Stale,High,Long,Yes,Poor
Rainy,Weekend,Fresh,Low,Short,Yes,Excellent
Sunny,Weekday,Fresh,Medium,Short,Yes,Good
Sunny,Festival,Fresh,Medium,Short,Yes,Excellent
Rainy,Weekday,Fresh,Low,Long,No,Good
Sunny,Weekend,Stale,High,Long,Yes,Poor
Rainy,Weekend,Fresh,High,Long,Yes,Excellent
Sunny,Weekday,Fresh,High,Long,Yes,Good
Sunny,Weekend,Fresh,Medium,Long,No,Poor
Humid,Weekend,Fresh,High,Short,No,Excellent
Rainy,Weekday,Fresh,Low,Short,No,Good
Sunny,Weekday,Fresh,High,Long,Yes,Excellent
Rainy,Festival,Stale,Medium,Short,No,Good
Sunny,Weekend,Fresh,High,Long,Yes,Poor
Rainy,Weekday,Fresh,Low,Short,Yes,Good
Sunny,Weekday,Fresh,Medium,Short,Yes,Excellent
Sunny,Weekday,Stale,Low,Short,No,Poor
Sunny,Weekday,Fresh,Low,Short,No,Excellent
Humid,Weekend,Fresh,High,Long,Yes,Excellent
Humid,Weekend,Fresh,Medium,Long,No,Good
Humid,Weekday,Fresh,Low,Short,No,Excellent
Sunny,Festival,Fresh,High,Long,Yes,Excellent
Humid,Weekday,Fresh,Low,Short,No,Good
Rainy,Weekend,Stale,Low,Short,No,Good
Sunny,Weekday,Fresh,High,Short,Yes,Excellent
Sunny,Weekday,Fresh,Medium,Long,No,Excellent
Rainy,Weekend,Fresh,Medium,Short,No,Excellent
Rainy,Weekend,Fresh,High,Long,No,Good
Rainy,Weekday,Fresh,Medium,Short,No,Good
Sunny,Weekday,Fresh,High,Long,No,Good
Humid,Weekday,Stale,High,Short,Yes,Good
Sunny,Weekday,Fresh,Medium,Long,Yes,Good
Sunny,Weekend,Fresh,Medium,Short,No,Excellent
Humid,Weekday,Fresh,Medium,Long,No,Good
Sunny,Weekday,Fresh,Medium,Short,Yes,Excellent
Sunny,Weekend,Fresh,High,Short,Yes,Good
Sunny,Weekday,Fresh,Low,Short,No,Good
Sunny,Weekday,Fresh,Medium,Long,No,Good
Sunny,Weekend,Fresh,Low,Short,No,Excellent
Rainy,Weekend,Fresh,Low,Short,Yes,Excellent
Sunny,Festival,Fresh,High,Long,Yes,Good
Rainy,Weekday,Stale,Medium,Long,No,Poor
Rainy,Weekday,Fresh,Medium,Short,No,Excellent
Rainy,Weekday,Stale,Medium,Short,Yes,Excellent
Rainy,Weekday,Fresh,Medium,Short,No,Good
Sunny,Weekend,Fresh,High,Long,Yes,Good
Sunny,Weekday,Fresh,Medium,Long,No,Excellent
Sunny,Weekday,Fresh,Low,Short,No,Good
Sunny,Weekday,Fresh,Low,Short,No,Good
Sunny,Weekday,Fresh,High,Long,Yes,Good
Rainy,Weekend,Stale,High,Long,Yes,Poor
Rainy,Weekend,Stale,High,Long,No,Poor
Rainy,Weekday,Stale,Low,Short,No,Poor
Sunny,Weekday,Fresh,Low,Long,No,Good
Rainy,Weekend,Stale,High,Long,Yes,Poor
Rainy,Festival,Fresh,Medium,Short,No,Good
Sunny,Weekday,Fresh,Medium,Long,No,Good
Sunny,Weekday,Fresh,Medium,Long,No,Good
Sunny,Weekday,Fresh,Medium,Short,No,Poor
Sunny,Weekend,Fresh,Medium,Short,No,Good
Rainy,Weekday,Stale,Low,Short,No,Good
Sunny,Weekend,Fresh,High,Long,Yes,Excellent
Sunny,Weekday,Fresh,High,Short,No,Excellent
Sunny,Weekday,Fresh,Low,Short,No,Excellent
Rainy,Weekday,Stale,Low,Short,No,Poor
Sunny,Weekday,Fresh,High,Long,Yes,Poor
Humid,Weekday,Fresh,Medium,Short,No,Good
Sunny,Weekday,Fresh,High,Short,Yes,Good
Humid,Weekend,Stale,Low,Short,No,Poor
Rainy,Weekend,Fresh,Low,Short,No,Excellent
Rainy,Weekday,Fresh,Low,Short,No,Excellent
Rainy,Weekday,Fresh,Low,Short,No,Good
Sunny,Weekend,Fresh,Low,Short,No,Excellent
Sunny,Weekday,Fresh,Medium,Short,Yes,Excellent
Sunny,Weekday,Fresh,Medium,Short,No,Good
Sunny,Weekend,Fresh,Low,Short,No,Excellent
Sunny,Festival,Fresh,High,Short,Yes,Good
Rainy,Weekend,Stale,Low,Short,No,Good
Sunny,Weekday,Fresh,High,Long,No,Excellent
Sunny,Festival,Fresh,High,Long,Yes,Good
Rainy,Weekday,Fresh,Low,Short,No,Excellent
Rainy,Weekday,Fresh,Medium,Long,No,Excellent
Rainy,Weekend,Stale,Low,Short,No,Poor
Sunny,Festival,Fresh,High,Long,No,Good
Sunny,Weekend,Fresh,Medium,Short,Yes,Good
Rainy,Weekend,Fresh,Low,Short,No,Good
Sunny,Weekend,Fresh,Medium,Long,No,Excellent
Rainy,Weekday,Fresh,Low,Short,No,Excellent
Sunny,Weekday,Fresh,Medium,Short,No,Excellent
Sunny,Weekend,Stale,Medium,Short,Yes,Good
Humid,Weekday,Fresh,Medium,Short,Yes,Excellent
Humid,Weekend,Stale,Medium,Short,No,Good
Humid,Weekday,Fresh,Medium,Long,Yes,Poor
Humid,Weekday,Stale,Low,Short,No,Excellent
Humid,Weekend,Fresh,High,Long,No,Good
Sunny,Weekday,Stale,High,Long,No,Poor
Sunny,Weekday,Fresh,Low,Short,No,Good
Sunny,Weekday,Stale,Low,Short,No,Good
Humid,Weekday,Stale,Low,Short,No,Poor
Sunny,Weekday,Stale,Low,Short,No,Good
Sunny,Weekday,Stale,High,Short,No,Poor
Sunny,Weekday,Fresh,Medium,Short,No,Good
Sunny,Weekday,Stale,Medium,Long,No,Poor
Sunny,Weekday,Stale,Medium,Long,No,Poor
Rainy,Weekday,Fresh,Low,Short,No,Excellent
Rainy,Weekday,Fresh,Medium,Long,No,Excellent
Sunny,Weekday,Fresh,Low,Short,No,Poor
Humid,Weekday,Fresh,High,Long,Yes,Good
Sunny,Weekend,Fresh,High,Long,Yes,Good
Sunny,Weekend,Fresh,Medium,Short,No,Excellent
Sunny,Festival,Stale,High,Short,Yes,Poor
Sunny,Weekend,Fresh,High,Long,Yes,Excellent
Sunny,Weekday,Fresh,Medium,Long,Yes,Good
Sunny,Weekday,Stale,Medium,Long,No,Poor
Humid,Weekday,Stale,Low,Short,No,Good
Sunny,Weekend,Fresh,Medium,Short,No,Good
Rainy,Festival,Fresh,Medium,Short,Yes,Excellent
Rainy,Weekday,Fresh,Low,Short,No,Good
Sunny,Festival,Fresh,High,Long,Yes,Good
Humid,Festival,Fresh,High,Long,No,Poor
Rainy,Festival,Fresh,High,Long,No,Good
Sunny,Weekend,Fresh,Medium,Short,No,Good
Humid,Weekday,Fresh,Medium,Long,Yes,Good
Humid,Festival,Stale,High,Short,No,Good
Sunny,Weekday,Fresh,Low,Short,No,Excellent
Sunny,Weekend,Fresh,High,Long,Yes,Excellent
Sunny,Weekday,Fresh,Medium,Long,No,Excellent
Humid,Weekday,Fresh,Medium,Long,No,Good
Sunny,Weekday,Fresh,Medium,Short,No,Excellent
Sunny,Weekend,Fresh,High,Long,Yes,Good
Rainy,Weekday,Fresh,Low,Short,No,Excellent
Sunny,Weekend,Fresh,High,Long,Yes,Excellent
Sunny,Weekday,Fresh,Medium,Long,No,Excellent
Rainy,Weekday,Fresh,Low,Short,No,Good
Humid,Weekday,Stale,Low,Short,No,Poor
Humid,Weekday,Fresh,High,Long,No,Good
Sunny,Weekend,Fresh,High,Long,Yes,Excellent
Humid,Festival,Fresh,Medium,Long,Yes,Good
Sunny,Weekend,Stale,Medium,Long,No,Excellent
Humid,Weekday,Fresh,Medium,Long,No,Excellent
Sunny,Weekend,Fresh,Medium,Short,No,Excellent
Sunny,Weekday,Stale,Low,Short,No,Poor
Rainy,Weekday,Fresh,Medium,Long,Yes,Excellent
Humid,Weekend,Fresh,Low,Short,No,Good
Rainy,Weekday,Fresh,Medium,Long,No,Poor
Sunny,Weekday,Fresh,Low,Short,No,Good
Sunny,Weekday,Stale,High,Long,Yes,Poor
Sunny,Festival,Stale,High,Long,No,Good
Sunny,Weekday,Fresh,Medium,Short,No,Excellent
Sunny,Weekday,Fresh,Medium,Long,No,Good
Sunny,Weekday,Fresh,Medium,Long,No,Excellent
Sunny,Weekday,Fresh,Low,Short,No,Good
Sunny,Weekday,Fresh,High,Long,Yes,Good
Rainy,Festival,Fresh,Medium,Long,No,Good
Sunny,Weekday,Fresh,Medium,Short,Yes,Good
Rainy,Weekend,Stale,Low,Short,No,Excellent
Sunny,Weekend,Fresh,Medium,Short,No,Excellent
Sunny,Weekday,Fresh,Medium,Short,No,Excellent
Rainy,Weekday,Fresh,Low,Short,No,Excellent
Sunny,Weekday,Fresh,Low,Long,No,Poor
Sunny,Weekday,Fresh,Medium,Long,Yes,Poor
Humid,Weekday,Stale,Medium,Short,Yes,Good
Sunny,Weekday,Fresh,Low,Short,No,Excellent
Sunny,Weekday,Fresh,Medium,Short,Yes,Excellent
Humid,Weekday,Fresh,Low,Short,No,Excellent
Humid,Weekday,Fresh,Medium,Short,No,Excellent
Sunny,Weekday,Fresh,Medium,Short,No,Good
Humid,Festival,Stale,High,Long,Yes,Poor
Humid,Weekday,Fresh,Low,Long,No,Good
Rainy,Weekday,Fresh,Low,Short,No,Good
Sunny,Weekend,Stale,Medium,Short,Yes,Poor
Sunny,Weekend,Fresh,Medium,Short,No,Excellent
Humid,Festival,Fresh,High,Long,Yes,Excellent
Sunny,Weekday,Fresh,Medium,Short,No,Excellent
Rainy,Weekday,Fresh,Medium,Long,No,Good
Rainy,Weekend,Fresh,Medium,Short,No,Excellent
Sunny,Weekend,Fresh,High,Long,No,Good
Rainy,Weekend,Fresh,Medium,Short,No,Poor
Sunny,Festival,Fresh,High,Long,Yes,Excellent
Rainy,Festival,Fresh,Medium,Short,No,Good
Sunny,Weekday,Fresh,Low,Short,No,Good
Sunny,Weekday,Fresh,High,Long,Yes,Good
Sunny,Festival,Fresh,High,Long,No,Good
Humid,Weekday,Stale,Medium,Long,No,Good
Sunny,Weekday,Fresh,High,Long,No,Good
Rainy,Weekend,Stale,Low,Short,Yes,Excellent
Humid,Weekday,Fresh,High,Long,Yes,Good
Humid,Weekday,Fresh,Low,Short,No,Good
Humid,Festival,Stale,High,Long,Yes,Poor
Sunny,Weekday,Fresh,Low,Long,No,Poor
Rainy,Weekday,Stale,Low,Short,No,Good
Humid,Weekday,Stale,Medium,Long,Yes,Poor
Sunny,Weekday,Fresh,Low,Long,Yes,Excellent
Sunny,Weekday,Stale,Medium,Short,No,Poor
Sunny,Weekend,Fresh,Medium,Short,No,Poor
Sunny,Weekday,Fresh,Medium,Short,No,Excellent
Sunny,Weekday,Fresh,Low,Short,No,Good
Sunny,Weekend,Fresh,High,Long,Yes,Poor
Rainy,Weekend,Fresh,Low,Short,No,Good
Sunny,Weekend,Fresh,Medium,Long,No,Good
Humid,Weekday,Stale,Low,Long,No,Good
Sunny,Weekday,Fresh,Low,Short,No,Excellent
Humid,Weekend,Stale,Medium,Long,Yes,Poor
Humid,Weekday,Fresh,Low,Short,No,Excellent
Sunny,Weekend,Fresh,High,Long,Yes,Good
Rainy,Weekday,Fresh,Low,Long,No,Good
Sunny,Festival,Stale,High,Long,No,Poor
Sunny,Weekday,Fresh,Low,Short,No,Poor
Humid,Weekend,Fresh,High,Long,Yes,Excellent
Sunny,Weekend,Fresh,High,Long,Yes,Excellent
Rainy,Festival,Fresh,Low,Short,No,Good
Sunny,Weekday,Fresh,High,Long,Yes,Good
Sunny,Weekend,Fresh,High,Long,Yes,Excellent
Humid,Weekday,Fresh,Medium,Short,No,Excellent
Rainy,Weekend,Stale,High,Long,No,Excellent
Rainy,Weekday,Fresh,Low,Long,No,Excellent
Sunny,Weekend,Stale,Medium,Short,No,Good
Humid,Weekday,Stale,Medium,Short,No,Good
Sunny,Festival,Fresh,High,Short,No,Excellent
Humid,Weekday,Stale,Low,Short,No,Poor
Sunny,Weekday,Fresh,Medium,Short,No,Good
Rainy,Weekday,Stale,Medium,Long,No,Poor
Humid,Weekend,Fresh,High,Long,Yes,Excellent
Sunny,Weekday,Fresh,Low,Short,No,Good
Sunny,Weekend,Fresh,High,Long,Yes,Excellent
Sunny,Weekend,Stale,High,Long,Yes,Good
Rainy,Weekday,Stale,Low,Short,No,Good
Humid,Weekend,Stale,High,Long,Yes,Poor
Humid,Weekend,Stale,Medium,Long,No,Good
Rainy,Weekday,Fresh,Low,Short,No,Excellent
Sunny,Weekend,Stale,Medium,Long,No,Poor
Rainy,Weekend,Stale,Medium,Long,No,Poor
Sunny,Weekday,Stale,High,Long,No,Poor
Sunny,Weekend,Fresh,Medium,Short,No,Excellent
Sunny,Weekend,Fresh,High,Long,Yes,Excellent
Humid,Weekend,Fresh,Low,Long,No,Excellent
Sunny,Weekend,Fresh,Medium,Short,No,Poor
Rainy,Weekday,Stale,Low,Long,No,Good
Humid,Weekend,Stale,High,Long,Yes,Poor
Humid,Festival,Fresh,Low,Short,No,Excellent
Sunny,Weekday,Stale,Medium,Long,No,Good
Humid,Festival,Fresh,Medium,Short,Yes,Excellent
Humid,Weekday,Fresh,Medium,Long,No,Excellent
Sunny,Weekday,Fresh,Medium,Short,Yes,Good
Humid,Weekday,Fresh,Medium,Long,No,Good
Rainy,Weekday,Fresh,High,Long,Yes,Good
Rainy,Weekday,Fresh,Medium,Short,No,Excellent
Sunny,Weekday,Fresh,Medium,Long,No,Good
Sunny,Festival,Fresh,Low,Short,No,Good
Rainy,Weekday,Fresh,Medium,Long,Yes,Good
Sunny,Festival,Stale,High,Long,Yes,Excellent
Rainy,Weekday,Fresh,Low,Short,No,Good
Rainy,Weekday,Stale,Low,Short,Yes,Good
Sunny,Weekday,Fresh,Medium,Short,No,Good
Rainy,Weekday,Fresh,Low,Short,Yes,Excellent
Humid,Weekend,Fresh,High,Long,Yes,Good
Humid,Weekend,Stale,Medium,Short,No,Good
Rainy,Weekday,Fresh,Low,Short,No,Excellent
Humid,Weekend,Fresh,Medium,Long,Yes,Excellent
Rainy,Weekend,Fresh,Medium,Long,No,Poor
Sunny,Weekday,Fresh,Medium,Long,No,Poor
Sunny,Weekend,Fresh,High,Short,No,Excellent
Humid,Weekend,Fresh,Low,Short,No,Good
Sunny,Weekday,Fresh,Low,Short,Yes,Good
Humid,Weekend,Fresh,Medium,Long,Yes,Excellent
Humid,Weekday,Fresh,Medium,Long,Yes,Good
Humid,Weekend,Stale,Medium,Long,No,Poor
Rainy,Weekend,Fresh,Medium,Long,No,Excellent
Humid,Festival,Fresh,High,Long,Yes,Good
Rainy,Weekday,Stale,Low,Short,No,Poor
Rainy,Weekend,Fresh,Medium,Long,Yes,Poor
Rainy,Weekday,Fresh,Low,Short,No,Excellent
Sunny,Weekend,Fresh,High,Long,No,Good
Sunny,Weekday,Fresh,Medium,Long,No,Good
Humid,Weekend,Stale,High,Long,Yes,Poor
Sunny,Festival,Fresh,High,Long,Yes,Poor
Rainy,Weekday,Fresh,Medium,Long,No,Good
Sunny,Weekday,Fresh,Low,Short,No,Good
Humid,Weekday,Stale,High,Long,Yes,Poor
Sunny,Weekend,Fresh,High,Long,Yes,Good
Humid,Weekday,Fresh,Medium,Long,No,Excellent
Rainy,Weekend,Fresh,Medium,Short,Yes,Excellent
Rainy,Weekday,Stale,Low,Short,No,Good
Sunny,Weekday,Fresh,Low,Short,No,Poor
Humid,Weekend,Fresh,Low,Short,No,Good
Humid,Weekday,Fresh,Medium,Long,No,Excellent
Sunny,Weekday,Fresh,Medium,Short,No,Good
Humid,Weekend,Fresh,Medium,Long,No,Good
Rainy,Weekend,Stale,Medium,Short,Yes,Good
Rainy,Weekday,Fresh,Low,Short,No,Good
Sunny,Weekend,Stale,Low,Short,No,Poor
Humid,Weekday,Fresh,High,Short,Yes,Excellent
Rainy,Weekday,Fresh,Low,Short,No,Excellent
Sunny,Weekday,Fresh,Medium,Short,No,Good
Rainy,Weekday,Fresh,Low,Short,No,Good
Rainy,Weekday,Fresh,High,Long,Yes,Good
Rainy,Weekday,Fresh,Low,Short,No,Excellent
Sunny,Weekday,Fresh,Medium,Short,No,Good
Rainy,Festival,Fresh,High,Long,Yes,Excellent
Rainy,Weekday,Stale,Low,Short,No,Good
Sunny,Weekday,Fresh,Low,Long,No,Good
Humid,Festival,Fresh,Medium,Short,No,Excellent
Sunny,Weekend,Stale,Medium,Long,No,Poor
Humid,Festival,Fresh,High,Long,No,Good
Humid,Weekday,Stale,Low,Short,No,Poor
Humid,Weekday,Fresh,Medium,Short,No,Poor
Rainy,Weekday,Fresh,Low,Short,No,Excellent
Sunny,Festival,Fresh,Low,Short,Yes,Excellent
Sunny,Weekday,Fresh,Low,Short,No,Excellent
Rainy,Festival,Fresh,Medium,Short,No,Good
Sunny,Weekday,Fresh,Medium,Long,No,Good
Sunny,Weekend,Fresh,High,Long,No,Good
Sunny,Weekend,Fresh,High,Short,Yes,Excellent
Rainy,Weekend,Fresh,Low,Short,No,Good
Sunny,Weekday,Fresh,Medium,Short,No,Excellent
Rainy,Festival,Stale,Low,Long,No,Good
Humid,Weekday,Stale,Medium,Short,No,Good
Rainy,Weekday,Fresh,High,Long,Yes,Good
Rainy,Weekend,Stale,Low,Long,No,Poor
Rainy,Weekday,Fresh,Low,Short,No,Good
Sunny,Weekend,Fresh,High,Long,Yes,Good
Sunny,Weekend,Fresh,Medium,Short,No,Good
Humid,Weekday,Fresh,Medium,Long,No,Poor
Humid,Weekday,Fresh,Medium,Long,No,Poor
Rainy,Weekday,Stale,Low,Short,No,Poor
Rainy,Weekend,Fresh,Medium,Short,Yes,Good
Sunny,Weekend,Fresh,Medium,Short,Yes,Excellent
Sunny,Festival,Stale,High,Long,Yes,Poor
Humid,Weekday,Stale,Medium,Short,Yes,Poor
Humid,Weekday,Fresh,Low,Long,Yes,Good
Sunny,Weekend,Fresh,Medium,Short,No,Excellent
Sunny,Weekend,Fresh,Medium,Short,Yes,Excellent
Sunny,Weekend,Fresh,High,Long,No,Excellent
Sunny,Weekday,Fresh,Low,Short,No,Excellent
Sunny,Weekday,Fresh,Low,Short,No,Excellent
Sunny,Weekend,Fresh,Medium,Long,No,Excellent
Sunny,Weekend,Stale,Medium,Short,No,Good
Sunny,Weekday,Stale,Medium,Short,No,Excellent
Sunny,Weekend,Stale,Medium,Long,Yes,Poor
Sunny,Weekend,Fresh,Medium,Short,Yes,Excellent
Sunny,Festival,Stale,High,Long,Yes,Poor
Sunny,Weekday,Fresh,Low,Short,No,Excellent
Rainy,Weekday,Fresh,Low,Short,No,Good
Rainy,Weekday,Fresh,Medium,Long,No,Excellent
Sunny,Weekday,Fresh,Medium,Short,No,Good
Sunny,Weekend,Fresh,High,Long,No,Good
Sunny,Weekday,Fresh,Low,Short,No,Good
Humid,Festival,Stale,Medium,Long,No,Good
Sunny,Weekday,Fresh,Medium,Long,No,Excellent
Humid,Weekend,Fresh,Low,Short,No,Good
Humid,Weekday,Fresh,Medium,Long,No,Excellent
Humid,Weekend,Stale,Medium,Short,Yes,Poor
Rainy,Weekday,Fresh,Low,Short,No,Excellent
Sunny,Weekday,Fresh,Medium,Short,Yes,Poor
Sunny,Weekday,Stale,High,Long,Yes,Poor
Sunny,Weekday,Stale,Low,Short,No,Poor
Humid,Weekday,Stale,Low,Short,No,Poor
Humid,Weekend,Fresh,Medium,Short,No,Good
Sunny,Festival,Fresh,High,Long,Yes,Good
Sunny,Weekend,Fresh,High,Long,No,Good
Humid,Weekday,Fresh,Medium,Long,No,Good
Sunny,Weekend,Fresh,High,Short,Yes,Good
Sunny,Weekend,Fresh,Medium,Long,No,Good
Sunny,Weekend,Fresh,High,Long,No,Excellent
Rainy,Weekend,Stale,Medium,Short,Yes,Poor
Sunny,Weekday,Fresh,Low,Short,No,Excellent
Humid,Weekday,Fresh,Medium,Long,No,Poor
Sunny,Weekday,Stale,High,Short,Yes,Good
Sunny,Weekday,Stale,Medium,Short,No,Good
Sunny,Weekday,Fresh,Medium,Long,Yes,Good
Sunny,Festival,Fresh,High,Long,Yes,Excellent
Rainy,Weekday,Fresh,Medium,Long,No,Good
Sunny,Weekday,Fresh,Low,Short,No,Excellent
Sunny,Weekday,Fresh,High,Long,Yes,Excellent
Rainy,Weekend,Fresh,High,Long,No,Good
Rainy,Weekend,Stale,Medium,Short,No,Good
Sunny,Weekday,Fresh,Medium,Long,No,Excellent
Sunny,Weekday,Stale,Low,Short,No,Good
Humid,Weekend,Fresh,Medium,Long,Yes,Excellent
Sunny,Weekday,Stale,Low,Short,No,Poor
Sunny,Weekday,Fresh,Low,Short,No,Poor
Sunny,Weekday,Fresh,Medium,Short,No,Good
Rainy,Weekday,Fresh,Low,Short,No,Excellent
Sunny,Weekend,Fresh,Medium,Short,Yes,Good
Rainy,Weekend,Fresh,Low,Long,Yes,Good
Sunny,Weekday,Fresh,Medium,Long,Yes,Good
Sunny,Weekday,Fresh,Medium,Long,No,Good
Sunny,Weekend,Stale,High,Long,No,Poor
Rainy,Weekend,Fresh,Medium,Short,No,Excellent
Rainy,Weekday,Stale,Low,Short,No,Good
Sunny,Weekday,Fresh,Low,Long,No,Good
Humid,Weekend,Fresh,Medium,Long,No,Poor
Sunny,Weekday,Fresh,Low,Short,No,Excellent
Humid,Weekday,Fresh,Low,Short,No,Excellent
Sunny,Weekday,Stale,High,Long,Yes,Poor
Rainy,Weekday,Fresh,Medium,Long,Yes,Excellent
Sunny,Weekday,Fresh,Medium,Long,Yes,Good
Rainy,Weekday,Stale,Low,Short,No,Poor
Sunny,Festival,Stale,High,Long,No,Poor
Humid,Weekend,Fresh,Low,Short,No,Good
Sunny,Weekday,Fresh,Low,Short,No,Good
Humid,Festival,Fresh,Medium,Long,No,Excellent
Humid,Weekend,Stale,High,Long,Yes,Poor
Humid,Weekday,Stale,Medium,Long,No,Poor
Sunny,Weekend,Fresh,High,Long,Yes,Excellent
Sunny,Weekend,Stale,High,Long,Yes,Poor
Rainy,Festival,Stale,Medium,Short,Yes,Poor
Sunny,Weekend,Fresh,High,Long,Yes,Good
Sunny,Weekday,Stale,High,Long,Yes,Poor
Sunny,Weekday,Fresh,High,Long,No,Good
Humid,Festival,Fresh,High,Short,Yes,Good
Rainy,Weekend,Fresh,Low,Short,No,Good
Sunny,Weekday,Fresh,Medium,Short,No,Excellent
Sunny,Weekday,Fresh,Medium,Long,Yes,Excellent
Sunny,Festival,Fresh,High,Long,No,Excellent
Sunny,Weekday,Fresh,Low,Short,No,Excellent
Sunny,Weekday,Fresh,Medium,Long,No,Good
Sunny,Weekday,Stale,Low,Short,No,Good
Sunny,Festival,Stale,High,Long,Yes,Poor
Rainy,Weekend,Stale,Medium,Long,Yes,Poor
Sunny,Weekday,Fresh,Low,Short,No,Good
Humid,Weekday,Stale,Low,Short,No,Poor
Sunny,Weekday,Stale,High,Long,No,Good
Sunny,Weekday,Fresh,Low,Short,No,Good
Rainy,Weekday,Fresh,Low,Short,No,Excellent
Sunny,Weekday,Stale,Medium,Short,No,Poor
Sunny,Weekday,Fresh,Medium,Short,No,Excellent
Rainy,Weekday,Fresh,Low,Short,No,Poor
Sunny,Festival,Fresh,Medium,Long,No,Excellent
Sunny,Festival,Fresh,High,Short,Yes,Poor
Rainy,Weekday,Fresh,Low,Long,No,Excellent
Sunny,Weekday,Fresh,Low,Short,No,Excellent
Rainy,Weekday,Stale,Medium,Short,No,Excellent
Sunny,Weekday,Fresh,High,Long,Yes,Good
Humid,Weekend,Stale,High,Long,No,Poor
Sunny,Weekday,Stale,Medium,Long,No,Poor
Sunny,Festival,Fresh,Low,Short,No,Excellent
Rainy,Weekday,Stale,High,Long,Yes,Poor
Rainy,Weekend,Fresh,Low,Short,No,Good
Sunny,Weekday,Stale,Low,Short,No,Excellent
Humid,Weekend,Fresh,Medium,Long,No,Poor
Sunny,Weekday,Fresh,Medium,Short,No,Good
Sunny,Weekend,Fresh,Medium,Short,No,Good
Sunny,Weekday,Fresh,Medium,Short,No,Excellent
Humid,Weekday,Fresh,Medium,Short,No,Excellent
Humid,Weekday,Fresh,Low,Short,No,Good
Humid,Weekday,Fresh,Low,Long,No,Excellent
Rainy,Weekend,Fresh,Low,Long,No,Good
Sunny,Weekday,Fresh,Low,Short,No,Good
Sunny,Weekend,Stale,High,Long,Yes,Poor
Sunny,Weekday,Stale,Medium,Long,No,Poor
Sunny,Weekday,Stale,Medium,Long,Yes,Good
Rainy,Weekday,Fresh,Medium,Long,No,Excellent
Sunny,Weekday,Fresh,Medium,Short,No,Excellent
Humid,Weekday,Fresh,Low,Long,No,Good
Rainy,Weekday,Fresh,Low,Short,No,Excellent
Rainy,Weekday,Fresh,Medium,Long,No,Good
Humid,Weekday,Fresh,Medium,Long,No,Excellent
Humid,Weekday,Fresh,Medium,Short,No,Excellent
Sunny,Weekend,Fresh,High,Short,Yes,Good
Humid,Weekday,Fresh,Low,Short,No,Good
Sunny,Weekday,Fresh,Medium,Long,No,Good
Humid,Weekday,Fresh,Low,Short,No,Excellent
Sunny,Festival,Fresh,High,Long,Yes,Poor
Rainy,Weekday,Fresh,Low,Short,Yes,Poor
Sunny,Weekday,Fresh,Low,Short,No,Good
Rainy,Weekday,Fresh,Low,Long,No,Excellent
Rainy,Weekday,Fresh,Low,Short,No,Good
Sunny,Weekday,Fresh,Low,Short,No,Excellent
Rainy,Weekend,Stale,Medium,Short,No,Poor
Humid,Festival,Fresh,Medium,Long,Yes,Excellent
Humid,Weekday,Fresh,Medium,Short,Yes,Excellent
Sunny,Weekend,Fresh,High,Long,Yes,Good
Sunny,Weekday,Fresh,Medium,Short,No,Excellent
Sunny,Weekday,Fresh,High,Long,Yes,Good
Sunny,Weekend,Fresh,High,Long,No,Poor
Humid,Weekday,Fresh,Medium,Long,No,Good
Humid,Festival,Stale,High,Long,Yes,Excellent
Humid,Weekday,Fresh,High,Long,Yes,Excellent
Sunny,Weekday,Fresh,Low,Short,No,Excellent
Sunny,Festival,Fresh,High,Long,Yes,Excellent
Rainy,Festival,Stale,Low,Short,No,Poor
Rainy,Weekday,Fresh,Low,Short,No,Good
Sunny,Weekday,Stale,Low,Short,No,Good
Sunny,Weekend,Fresh,Medium,Short,No,Excellent
Sunny,Weekday,Fresh,Medium,Long,No,Good
Rainy,Festival,Fresh,Low,Short,No,Excellent
Sunny,Weekday,Stale,Medium,Long,No,Poor
Rainy,Festival,Fresh,High,Long,No,Excellent
Rainy,Weekend,Fresh,High,Long,Yes,Good
Sunny,Weekday,Stale,High,Short,Yes,Good
Humid,Weekend,Fresh,High,Long,Yes,Excellent
Sunny,Weekday,Stale,Medium,Long,No,Poor
Humid,Weekday,Fresh,Medium,Long,Yes,Good
Sunny,Weekday,Fresh,Medium,Long,No,Good
Rainy,Weekend,Fresh,Medium,Long,Yes,Good
Humid,Weekday,Stale,Low,Short,No,Poor
Rainy,Weekday,Stale,Low,Short,No,Poor
Humid,Weekend,Fresh,Medium,Short,No,Excellent
Sunny,Weekday,Fresh,Low,Short,No,Good
Rainy,Festival,Fresh,Low,Short,No,Good
Sunny,Weekday,Fresh,Medium,Short,No,Excellent
Rainy,Weekend,Stale,Low,Short,No,Good
Rainy,Weekend,Fresh,Low,Short,No,Good
Rainy,Weekday,Fresh,Medium,Long,Yes,Good
Humid,Festival,Fresh,Low,Long,No,Good
Humid,Weekend,Stale,Medium,Short,No,Good
Rainy,Weekend,Stale,Low,Short,No,Good
Sunny,Weekday,Fresh,Medium,Long,Yes,Good
Rainy,Weekday,Stale,Low,Short,No,Good
Rainy,Weekday,Fresh,Low,Short,No,Good
Rainy,Weekday,Stale,Low,Short,Yes,Good
Sunny,Weekday,Fresh,Medium,Long,No,Excellent
Humid,Festival,Stale,High,Long,Yes,Excellent
Sunny,Weekday,Fresh,Low,Short,No,Excellent
Sunny,Weekday,Stale,High,Long,No,Poor
Sunny,Weekday,Stale,High,Long,Yes,Poor
Humid,Weekday,Fresh,Medium,Long,No,Good
Sunny,Weekday,Fresh,Medium,Long,No,Good
Rainy,Weekday,Fresh,Low,Short,No,Excellent
Sunny,Weekday,Fresh,Medium,Short,Yes,Excellent
Sunny,Festival,Fresh,High,Short,Yes,Good
Rainy,Weekday,Fresh,Low,Short,No,Excellent
Sunny,Weekend,Fresh,Medium,Long,No,Good
Sunny,Weekday,Fresh,Low,Short,No,Good
Rainy,Weekday,Fresh,Low,Short,No,Good
Sunny,Weekend,Fresh,High,Short,Yes,Excellent
Rainy,Weekday,Fresh,Medium,Long,No,Good
Sunny,Weekday,Fresh,Medium,Short,No,Excellent
Rainy,Weekday,Stale,Low,Short,No,Poor
Humid,Weekday,Fresh,Medium,Short,Yes,Excellent
Rainy,Festival,Fresh,High,Long,No,Good
Sunny,Weekday,Fresh,Medium,Short,No,Excellent
Rainy,Weekday,Stale,Low,Short,No,Poor
Sunny,Weekend,Fresh,Medium,Long,No,Excellent
Sunny,Weekday,Fresh,Medium,Short,No,Good
Humid,Weekday,Fresh,Low,Short,No,Excellent
Humid,Weekday,Stale,Medium,Short,No,Poor
Humid,Weekday,Fresh,Low,Short,No,Good
Humid,Weekend,Fresh,Medium,Long,Yes,Excellent
Sunny,Weekend,Fresh,High,Long,No,Excellent
Sunny,Weekday,Stale,Medium,Short,No,Poor
Humid,Festival,Stale,Medium,Long,No,Poor
Humid,Weekday,Stale,Medium,Long,No,Good
Humid,Weekday,Stale,Low,Short,No,Poor
Humid,Weekday,Fresh,Low,Long,No,Excellent
Rainy,Weekday,Stale,Low,Short,No,Poor
Sunny,Weekday,Fresh,Low,Long,No,Excellent
Rainy,Weekday,Fresh,Low,Short,No,Excellent
Sunny,Weekday,Fresh,Medium,Short,Yes,Excellent
Humid,Weekday,Stale,Medium,Short,No,Good
Rainy,Weekend,Fresh,Low,Short,No,Good
Sunny,Weekday,Fresh,High,Long,Yes,Excellent
Rainy,Weekend,Fresh,Low,Long,No,Good
Sunny,Weekday,Fresh,Low,Short,No,Excellent
Sunny,Weekday,Stale,Low,Short,No,Good
Sunny,Weekday,Fresh,Medium,Long,No,Good
Humid,Weekend,Fresh,Low,Short,No,Excellent
Sunny,Weekday,Fresh,Medium,Long,No,Good
Rainy,Weekend,Fresh,High,Long,Yes,Good
Sunny,Weekday,Fresh,High,Long,No,Good
Sunny,Weekday,Fresh,Low,Short,No,Good
Sunny,Weekday,Fresh,Medium,Long,No,Good
Sunny,Weekend,Fresh,High,Short,Yes,Good
Sunny,Weekday,Fresh,High,Long,Yes,Good
Sunny,Weekday,Fresh,Low,Short,No,Good
Sunny,Weekday,Fresh,High,Long,Yes,Good
Sunny,Weekday,Fresh,Medium,Short,No,Excellent
Humid,Weekday,Fresh,Medium,Short,No,Poor
Sunny,Weekday,Fresh,High,Long,Yes,Excellent
Humid,Weekday,Fresh,Medium,Short,No,Excellent
Sunny,Weekend,Fresh,High,Long,Yes,Excellent
Sunny,Weekend,Fresh,Medium,Short,No,Excellent
Sunny,Weekday,Fresh,Medium,Short,No,Good
Sunny,Weekend,Fresh,Medium,Long,Yes,Good
Rainy,Weekday,Fresh,Low,Short,No,Good
Humid,Weekend,Fresh,Medium,Short,No,Good
Sunny,Weekend,Fresh,Medium,Long,No,Good
Sunny,Weekday,Fresh,Medium,Short,No,Excellent
Rainy,Festival,Stale,High,Long,No,Poor
Humid,Festival,Fresh,High,Short,Yes,Excellent
Humid,Weekday,Stale,Low,Short,No,Good
Rainy,Weekend,Fresh,Medium,Short,No,Excellent
Sunny,Weekday,Fresh,High,Long,Yes,Excellent
Humid,Weekday,Fresh,Low,Short,No,Excellent
Sunny,Weekday,Stale,Medium,Long,No,Poor
Humid,Weekday,Fresh,Medium,Long,No,Poor
Sunny,Weekend,Fresh,High,Long,Yes,Excellent
Humid,Weekday,Fresh,Medium,Long,No,Good
Sunny,Festival,Fresh,High,Long,Yes,Good
Sunny,Weekday,Fresh,Medium,Long,No,Good
Humid,Weekday,Fresh,Low,Short,No,Good
Rainy,Weekday,Fresh,Medium,Long,No,Good
Sunny,Weekday,Stale,Medium,Short,No,Poor
Sunny,Weekday,Stale,Medium,Long,No,Good
Sunny,Weekend,Fresh,Medium,Short,No,Excellent
Humid,Weekend,Stale,Medium,Short,No,Good
Rainy,Weekday,Fresh,Low,Long,No,Excellent
Sunny,Weekday,Fresh,Low,Short,No,Excellent
Sunny,Weekend,Fresh,Low,Short,No,Excellent
Sunny,Weekend,Fresh,Medium,Long,No,Good
Rainy,Weekend,Fresh,Low,Short,No,Good
Sunny,Weekday,Fresh,High,Long,Yes,Excellent
Sunny,Weekday,Fresh,High,Short,Yes,Good
Rainy,Weekday,Fresh,Low,Short,No,Good
Rainy,Weekday,Stale,Low,Short,No,Poor
Rainy,Weekday,Stale,Low,Short,No,Poor
Sunny,Weekday,Stale,Low,Short,No,Poor
Sunny,Weekday,Fresh,Medium,Short,No,Excellent
Humid,Weekday,Fresh,Medium,Long,Yes,Good
Rainy,Weekday,Fresh,Low,Short,No,Good
Rainy,Weekend,Stale,Low,Short,No,Good
Sunny,Weekend,Fresh,High,Long,No,Good
Humid,Festival,Fresh,Medium,Long,Yes,Good
Rainy,Weekday,Stale,Medium,Short,No,Poor
Humid,Weekday,Fresh,Medium,Short,Yes,Excellent
Humid,Weekday,Stale,Low,Short,No,Poor
Rainy,Festival,Fresh,Low,Long,No,Excellent
Rainy,Weekend,Fresh,Low,Short,No,Good
Rainy,Weekday,Fresh,Low,Short,No,Poor
Humid,Weekday,Fresh,Medium,Short,No,Excellent
Sunny,Weekday,Fresh,High,Long,No,Good
Sunny,Weekend,Fresh,Medium,Short,No,Excellent
Sunny,Weekend,Fresh,High,Long,Yes,Good
Humid,Festival,Stale,Low,Long,No,Good
Rainy,Weekend,Stale,Medium,Short,No,Poor
Rainy,Weekday,Stale,Low,Short,No,Poor
Rainy,Festival,Fresh,Low,Short,No,Good
Sunny,Weekday,Fresh,High,Long,Yes,Excellent
Sunny,Weekend,Fresh,High,Long,No,Excellent
Sunny,Weekday,Fresh,Low,Short,No,Excellent
Humid,Weekday,Fresh,Low,Short,No,Good
Rainy,Weekday,Fresh,Medium,Short,No,Excellent
Rainy,Weekday,Fresh,Low,Short,No,Good
Sunny,Weekend,Fresh,High,Long,Yes,Excellent
Sunny,Weekday,Stale,Low,Short,No,Poor
Rainy,Festival,Fresh,Medium,Short,No,Good
Rainy,Weekday,Fresh,Low,Short,No,Excellent
Rainy,Weekday,Stale,Low,Short,No,Poor
Sunny,Weekday,Stale,Medium,Long,Yes,Poor
Sunny,Weekday,Fresh,High,Long,Yes,Good
Humid,Weekday,Fresh,Medium,Short,No,Excellent
Rainy,Weekend,Fresh,Medium,Long,Yes,Poor
Sunny,Weekend,Stale,Medium,Long,No,Poor
Sunny,Weekend,Stale,Low,Short,No,Poor
Sunny,Weekday,Fresh,High,Long,Yes,Excellent
Sunny,Weekday,Fresh,Low,Short,No,Excellent
Sunny,Weekend,Fresh,Low,Short,No,Good
Rainy,Weekday,Fresh,Medium,Short,No,Excellent
Humid,Weekend,Stale,High,Short,Yes,Poor
Humid,Weekday,Stale,Medium,Short,No,Good
Sunny,Weekday,Fresh,High,Long,No,Good
Sunny,Weekend,Fresh,High,Long,Yes,Good
Rainy,Festival,Stale,Low,Short,Yes,Good
Humid,Weekday,Fresh,Medium,Long,No,Excellent
Sunny,Festival,Fresh,High,Long,Yes,Excellent
Humid,Weekend,Fresh,Medium,Long,No,Excellent
Rainy,Weekday,Stale,Low,Short,No,Poor
Sunny,Weekday,Fresh,Medium,Long,No,Poor
Rainy,Festival,Fresh,High,Short,No,Good
Sunny,Weekend,Fresh,High,Long,Yes,Excellent
Sunny,Weekend,Fresh,Medium,Short,No,Good
Rainy,Weekday,Fresh,Low,Short,No,Good
Rainy,Weekday,Fresh,Medium,Short,No,Excellent
Sunny,Weekday,Fresh,Medium,Short,No,Excellent
Humid,Weekend,Fresh,Medium,Short,Yes,Good
Humid,Weekday,Stale,Medium,Long,No,Poor
Sunny,Festival,Fresh,High,Short,Yes,Excellent
Rainy,Weekend,Stale,Low,Short,No,Good
Humid,Weekday,Fresh,Low,Short,No,Excellent
Sunny,Weekday,Fresh,Low,Short,No,Good
Humid,Festival,Stale,Low,Short,No,Good
Humid,Weekend,Stale,High,Long,Yes,Poor
Humid,Weekend,Stale,Medium,Long,Yes,Poor
Humid,Weekday,Fresh,Low,Short,No,Good
Humid,Weekend,Fresh,Medium,Long,Yes,Excellent
Sunny,Weekend,Fresh,High,Long,Yes,Good
Sunny,Weekday,Fresh,Medium,Long,No,Poor
Sunny,Weekend,Fresh,Medium,Short,No,Excellent
Humid,Weekday,Fresh,Low,Short,No,Poor
Sunny,Weekend,Stale,Medium,Short,Yes,Good
Rainy,Weekday,Fresh,Low,Short,No,Excellent
Rainy,Weekday,Fresh,Medium,Short,No,Good
Sunny,Weekend,Stale,High,Long,Yes,Good
Sunny,Weekday,Fresh,High,Long,Yes,Good
Sunny,Weekend,Stale,High,Long,Yes,Good
Humid,Weekend,Stale,Medium,Short,No,Poor
Rainy,Weekend,Stale,Low,Short,No,Poor
Humid,Weekday,Fresh,High,Long,Yes,Good
Sunny,Weekday,Fresh,Medium,Long,Yes,Excellent
Humid,Weekday,Fresh,Low,Short,No,Good
Sunny,Weekday,Fresh,High,Long,Yes,Poor
Humid,Weekday,Stale,Low,Short,No,Good
Sunny,Weekday,Stale,Medium,Short,No,Good
Humid,Weekend,Stale,Low,Short,No,Excellent
Humid,Weekday,Fresh,Low,Short,No,Excellent
Humid,Weekday,Fresh,Low,Short,Yes,Good
Humid,Weekday,Stale,Medium,Short,No,Good
Humid,Weekday,Stale,Low,Short,No,Good
Humid,Weekday,Stale,Medium,Long,Yes,Good
Sunny,Weekday,Fresh,Low,Short,No,Excellent
Rainy,Weekend,Stale,High,Long,Yes,Poor
Humid,Festival,Stale,Medium,Short,No,Poor
Humid,Weekend,Stale,Medium,Short,No,Excellent
Sunny,Weekday,Fresh,Medium,Short,No,Excellent
Sunny,Weekday,Fresh,Low,Long,No,Excellent
Rainy,Weekday,Fresh,Low,Short,No,Excellent
Rainy,Weekday,Fresh,Low,Short,No,Good
Rainy,Weekday,Fresh,Low,Short,No,Excellent
Humid,Weekday,Fresh,High,Long,Yes,Excellent
Rainy,Weekday,Fresh,Low,Short,No,Good
Rainy,Weekday,Stale,Low,Long,No,Poor
Humid,Festival,Fresh,Medium,Long,No,Good
Rainy,Weekday,Fresh,Medium,Short,No,Excellent
Rainy,Weekday,Fresh,Low,Short,No,Excellent
Sunny,Weekend,Fresh,Low,Short,No,Excellent
Sunny,Weekday,Fresh,Low,Short,No,Good
Sunny,Weekday,Fresh,Medium,Short,No,Good
Humid,Weekday,Stale,Medium,Short,No,Poor
Humid,Weekend,Fresh,Medium,Long,No,Excellent
Humid,Weekend,Fresh,High,Short,No,Excellent
Rainy,Weekend,Fresh,Low,Short,Yes,Excellent
Rainy,Weekday,Stale,Low,Long,No,Excellent
Sunny,Weekday,Stale,Medium,Long,No,Poor
Sunny,Weekend,Fresh,High,Long,Yes,Good
Rainy,Weekday,Fresh,Low,Long,No,Good
Rainy,Weekday,Stale,Low,Short,No,Poor
Sunny,Weekend,Fresh,High,Long,Yes,Poor
Humid,Weekday,Stale,Low,Short,No,Poor
Sunny,Weekend,Fresh,Medium,Long,Yes,Poor
Humid,Weekend,Stale,Medium,Long,No,Good
Rainy,Weekday,Fresh,Low,Short,No,Good
Sunny,Weekday,Fresh,High,Long,No,Good
Rainy,Weekday,Fresh,Medium,Short,No,Excellent
Humid,Weekend,Stale,Low,Short,No,Good
Rainy,Weekday,Fresh,Low,Short,No,Poor
Rainy,Weekday,Fresh,Low,Short,No,Excellent
Sunny,Weekday,Fresh,Low,Short,No,Excellent
Humid,Weekend,Fresh,Low,Long,No,Excellent
Rainy,Weekday,Fresh,Medium,Short,No,Excellent
Sunny,Weekday,Fresh,Low,Short,No,Good
Humid,Festival,Fresh,High,Long,Yes,Poor
Sunny,Weekday,Fresh,Low,Short,No,Poor
Sunny,Weekend,Fresh,High,Long,No,Good
Sunny,Weekend,Fresh,Medium,Short,No,Good
Sunny,Weekday,Fresh,Low,Short,No,Good
Rainy,Weekday,Stale,Medium,Long,No,Poor
Sunny,Weekend,Fresh,Low,Short,No,Excellent
Sunny,Weekend,Fresh,Medium,Long,No,Good
Humid,Weekday,Fresh,Low,Long,No,Poor
Humid,Weekday,Fresh,Low,Short,No,Excellent
Rainy,Weekday,Stale,Medium,Short,No,Poor
Humid,Weekend,Stale,High,Long,Yes,Poor
Rainy,Weekday,Fresh,Low,Short,No,Good
Sunny,Weekday,Fresh,Medium,Short,Yes,Excellent
Humid,Weekday,Stale,Medium,Short,No,Excellent
Sunny,Festival,Fresh,Medium,Long,No,Excellent
Rainy,Weekday,Fresh,Low,Short,No,Excellent
Humid,Weekday,Fresh,Low,Short,No,Good
Sunny,Weekend,Stale,Medium,Short,No,Excellent
Rainy,Weekday,Fresh,Low,Short,Yes,Excellent
Humid,Weekday,Fresh,High,Long,No,Poor
Humid,Festival,Fresh,High,Long,Yes,Excellent
Sunny,Weekday,Fresh,Low,Short,No,Excellent
Rainy,Weekday,Fresh,Medium,Short,Yes,Excellent
Humid,Festival,Fresh,High,Long,No,Excellent
Rainy,Weekend,Fresh,Medium,Long,Yes,Good
Sunny,Weekday,Fresh,Medium,Long,No,Good
Humid,Weekday,Stale,Medium,Short,No,Good
Sunny,Weekend,Stale,High,Long,Yes,Poor
Humid,Weekday,Stale,Medium,Short,No,Good
Humid,Weekday,Stale,High,Long,Yes,Good
Rainy,Weekday,Fresh,Low,Long,No,Excellent
Rainy,Weekday,Stale,Low,Short,No,Poor
Sunny,Weekday,Fresh,High,Long,Yes,Good
Rainy,Weekday,Fresh,Medium,Short,No,Excellent
Sunny,Weekday,Fresh,Medium,Long,No,Good
Sunny,Festival,Fresh,High,Short,No,Excellent
Sunny,Weekday,Fresh,Low,Long,Yes,Good
Sunny,Weekday,Fresh,Medium,Long,Yes,Excellent
Rainy,Weekday,Stale,Low,Short,No,Poor
Humid,Weekday,Stale,Low,Short,No,Good
Sunny,Weekday,Fresh,High,Long,Yes,Good
Rainy,Festival,Stale,Medium,Long,No,Poor
Rainy,Weekday,Fresh,Low,Short,No,Good
Humid,Weekend,Stale,Medium,Long,No,Poor
Humid,Weekend,Stale,High,Long,Yes,Poor
Rainy,Festival,Fresh,High,Long,Yes,Poor
Sunny,Weekend,Fresh,Low,Short,No,Good
Rainy,Weekday,Stale,Medium,Short,No,Poor
Sunny,Festival,Fresh,High,Long,No,Good
Sunny,Weekday,Fresh,Medium,Long,No,Excellent
Rainy,Weekday,Fresh,Low,Short,No,Good
Sunny,Weekend,Fresh,Low,Short,No,Good
Sunny,Weekday,Fresh,Medium,Short,No,Good
Humid,Weekend,Stale,High,Short,Yes,Poor
Sunny,Weekend,Fresh,Medium,Long,Yes,Good
Sunny,Weekend,Fresh,Medium,Short,No,Poor
Sunny,Weekday,Fresh,Medium,Short,No,Excellent
Sunny,Festival,Fresh,High,Long,Yes,Poor
Humid,Weekday,Fresh,Low,Short,No,Good
Humid,Weekday,Stale,Medium,Long,No,Good
Sunny,Weekend,Fresh,Medium,Short,No,Good
Rainy,Festival,Stale,High,Long,Yes,Poor
Sunny,Weekday,Fresh,Low,Short,No,Excellent
Sunny,Weekday,Fresh,Medium,Short,No,Good
Rainy,Weekend,Fresh,High,Long,Yes,Good
Sunny,Weekday,Fresh,Low,Short,No,Excellent
Sunny,Weekday,Fresh,Medium,Long,No,Good
Sunny,Weekday,Stale,Medium,Short,Yes,Poor
Sunny,Weekend,Fresh,High,Long,No,Excellent
Sunny,Weekend,Fresh,Medium,Long,No,Poor
Sunny,Weekday,Fresh,Medium,Short,Yes,Excellent
Sunny,Weekday,Fresh,High,Short,No,Good
Sunny,Weekend,Fresh,High,Long,No,Excellent
Humid,Weekday,Stale,Medium,Short,Yes,Good
Sunny,Weekday,Fresh,Medium,Short,No,Excellent
Sunny,Weekday,Fresh,Medium,Short,Yes,Excellent
Sunny,Weekday,Stale,Low,Short,No,Poor
Sunny,Weekday,Fresh,Medium,Short,No,Good
Sunny,Weekday,Fresh,Low,Long,No,Excellent
Humid,Weekday,Fresh,Low,Short,No,Excellent
Rainy,Weekend,Fresh,Low,Short,No,Poor
Rainy,Weekday,Fresh,Low,Short,No,Excellent
Humid,Weekday,Fresh,Medium,Short,Yes,Good
Rainy,Festival,Fresh,Medium,Long,No,Excellent
Rainy,Weekday,Fresh,Medium,Short,No,Excellent
Humid,Weekend,Fresh,Medium,Short,Yes,Excellent
Rainy,Weekday,Stale,Low,Short,No,Poor
Sunny,Weekend,Fresh,High,Short,Yes,Excellent
Humid,Weekday,Stale,Low,Long,No,Good
Humid,Festival,Stale,High,Long,Yes,Poor
Humid,Festival,Fresh,High,Long,Yes,Good
Humid,Weekend,Fresh,Medium,Short,No,Excellent
Sunny,Weekday,Fresh,Medium,Short,No,Good
Rainy,Weekend,Stale,Low,Long,No,Poor
Sunny,Weekend,Fresh,High,Long,No,Excellent
Sunny,Weekend,Stale,High,Long,No,Poor
Humid,Weekend,Fresh,Medium,Short,No,Good
Rainy,Weekday,Stale,Medium,Short,No,Good
Sunny,Weekend,Stale,High,Short,Yes,Good
Humid,Weekday,Fresh,Low,Short,No,Excellent
Sunny,Weekday,Fresh,High,Long,Yes,Poor
Sunny,Weekday,Fresh,Low,Long,No,Good
Sunny,Weekday,Fresh,Low,Short,No,Good
Humid,Weekday,Fresh,Low,Short,No,Excellent
Sunny,Weekend,Fresh,High,Long,Yes,Good
Rainy,Weekday,Stale,Medium,Short,Yes,Good
Sunny,Weekday,Stale,High,Long,Yes,Poor
Sunny,Weekday,Fresh,Medium,Short,No,Excellent
Sunny,Weekday,Stale,Medium,Short,Yes,Poor
Sunny,Weekday,Fresh,Medium,Short,No,Good
Rainy,Weekday,Stale,Low,Short,No,Excellent
Rainy,Weekday,Fresh,Medium,Short,Yes,Excellent
Rainy,Weekday,Fresh,Low,Long,No,Good
Sunny,Weekday,Fresh,Medium,Long,No,Good
Rainy,Weekday,Stale,Medium,Long,No,Poor
Sunny,Weekend,Fresh,Medium,Long,No,Excellent
Sunny,Festival,Fresh,Medium,Long,No,Excellent
Humid,Weekday,Stale,Medium,Long,No,Good
Sunny,Weekday,Fresh,High,Short,Yes,Poor
Sunny,Weekend,Fresh,Medium,Long,No,Excellent
Rainy,Weekday,Stale,High,Long,No,Poor
Sunny,Weekday,Stale,High,Long,Yes,Poor
Rainy,Weekend,Fresh,Medium,Long,No,Good
Sunny,Weekday,Fresh,Low,Short,No,Poor
Sunny,Weekday,Fresh,Low,Short,No,Good
Humid,Weekday,Fresh,Medium,Long,No,Good
Sunny,Weekend,Fresh,Medium,Long,Yes,Excellent
Sunny,Weekday,Stale,Medium,Long,No,Poor
Sunny,Weekend,Fresh,Medium,Short,No,Good
Sunny,Weekday,Fresh,Low,Short,No,Excellent
Sunny,Weekend,Fresh,High,Long,No,Good
Sunny,Weekday,Stale,Medium,Long,No,Excellent
Rainy,Weekend,Fresh,Low,Short,No,Excellent
Rainy,Weekend,Fresh,Low,Short,No,Poor
Humid,Weekday,Fresh,Medium,Long,No,Good
Sunny,Weekday,Fresh,Low,Short,No,Excellent
Humid,Weekday,Stale,Medium,Short,No,Good
Humid,Weekday,Stale,Low,Short,No,Poor
Humid,Weekday,Fresh,Medium,Long,Yes,Good
Sunny,Weekday,Fresh,Medium,Long,Yes,Excellent
Sunny,Festival,Fresh,High,Long,Yes,Good
Sunny,Weekday,Fresh,Medium,Short,No,Good
Sunny,Weekday,Fresh,Medium,Short,No,Excellent
Rainy,Weekday,Stale,Low,Long,No,Poor
Humid,Weekday,Fresh,Medium,Long,No,Good
Humid,Weekday,Stale,Low,Short,No,Good
Rainy,Festival,Fresh,High,Long,No,Good
Humid,Weekday,Fresh,Low,Short,No,Excellent
Sunny,Weekday,Fresh,Medium,Short,Yes,Good
Sunny,Weekend,Fresh,High,Long,No,Good
Rainy,Weekend,Fresh,Low,Short,No,Excellent
Sunny,Weekend,Fresh,High,Long,No,Good
Sunny,Weekday,Fresh,Low,Short,No,Good
Humid,Weekday,Fresh,Low,Short,No,Good
Rainy,Weekday,Fresh,Low,Short,No,Excellent
Rainy,Weekday,Fresh,Low,Long,No,Good
Humid,Weekday,Stale,Medium,Short,Yes,Poor
Humid,Weekday,Fresh,Medium,Short,No,Good
Sunny,Festival,Fresh,High,Short,No,Good
Sunny,Weekday,Fresh,Medium,Short,Yes,Poor
Humid,Weekday,Fresh,Medium,Long,Yes,Excellent
Sunny,Weekday,Fresh,High,Long,Yes,Good
Rainy,Weekday,Fresh,Low,Short,No,Excellent
Sunny,Weekend,Fresh,High,Long,Yes,Good
Sunny,Weekday,Stale,Low,Short,No,Poor
Rainy,Weekday,Fresh,Low,Long,No,Good
Sunny,Weekday,Fresh,Medium,Long,No,Good
Humid,Weekday,Stale,Low,Short,Yes,Poor
Sunny,Weekday,Fresh,Medium,Long,No,Poor
Rainy,Weekend,Stale,Low,Short,No,Good
Sunny,Festival,Fresh,High,Long,Yes,Excellent
Humid,Weekend,Fresh,Low,Short,No,Good
Rainy,Weekday,Stale,Low,Short,No,Good
Sunny,Weekday,Fresh,Low,Short,No,Good
Sunny,Weekend,Fresh,High,Long,No,Good
Sunny,Weekend,Fresh,Medium,Short,No,Poor
Sunny,Weekday,Fresh,Medium,Long,No,Poor
Rainy,Weekday,Fresh,Low,Short,No,Good
Humid,Weekday,Fresh,Medium,Short,No,Good
Rainy,Weekday,Fresh,Low,Short,No,Excellent
Humid,Weekday,Fresh,High,Long,Yes,Excellent
Humid,Weekday,Fresh,Low,Long,No,Poor
Sunny,Weekday,Fresh,Medium,Long,No,Good
Sunny,Weekend,Fresh,Low,Short,No,Good
Rainy,Weekend,Fresh,Low,Short,No,Good
Rainy,Weekday,Fresh,Low,Short,No,Good
Sunny,Weekday,Fresh,Medium,Long,No,Good
Rainy,Weekday,Stale,Low,Short,No,Excellent
Humid,Weekend,Stale,Medium,Long,Yes,Poor
Sunny,Weekend,Fresh,Medium,Short,No,Good
Sunny,Weekend,Fresh,High,Long,Yes,Good
Humid,Festival,Fresh,Medium,Short,No,Good
Rainy,Weekday,Stale,Low,Short,No,Good
Rainy,Weekday,Fresh,Low,Short,No,Good
Sunny,Weekday,Stale,Low,Short,No,Good
Sunny,Weekday,Fresh,High,Long,No,Good
Sunny,Festival,Fresh,High,Short,Yes,Excellent
Sunny,Weekday,Fresh,High,Long,Yes,Good
Rainy,Weekend,Stale,Medium,Long,No,Poor
Sunny,Weekend,Fresh,Medium,Short,No,Poor
Rainy,Weekday,Fresh,Low,Short,No,Excellent
Sunny,Weekday,Fresh,Medium,Long,No,Good
Rainy,Weekday,Fresh,High,Long,No,Good
Humid,Weekday,Stale,Medium,Short,No,Good
Rainy,Weekday,Fresh,High,Long,Yes,Excellent
Humid,Weekday,Fresh,Low,Short,No,Good
Rainy,Weekday,Fresh,High,Long,Yes,Excellent
Sunny,Weekday,Stale,Medium,Short,No,Good
Sunny,Weekday,Fresh,Medium,Long,No,Excellent
Sunny,Weekday,Fresh,Medium,Long,No,Poor
Rainy,Weekday,Fresh,Low,Short,No,Excellent
Rainy,Weekday,Stale,Medium,Long,No,Poor
Humid,Weekday,Stale,Medium,Long,No,Poor
Humid,Weekend,Fresh,High,Long,Yes,Poor
Sunny,Weekend,Fresh,High,Long,Yes,Excellent
Rainy,Weekday,Fresh,Low,Long,No,Excellent
Humid,Weekday,Fresh,Medium,Long,No,Good
Humid,Weekend,Fresh,Medium,Long,No,Excellent
Rainy,Weekday,Fresh,Low,Short,No,Excellent
Sunny,Weekday,Fresh,Medium,Short,No,Excellent
Humid,Weekend,Stale,Medium,Long,No,Poor
Humid,Weekend,Fresh,Medium,Long,No,Excellent
Rainy,Weekday,Stale,Low,Short,No,Good
Sunny,Weekday,Fresh,Medium,Short,No,Excellent
Humid,Festival,Fresh,Low,Short,No,Excellent
Rainy,Weekday,Stale,Low,Short,Yes,Good
Humid,Weekday,Fresh,Medium,Short,No,Poor
Sunny,Weekday,Fresh,Low,Short,Yes,Good
Rainy,Festival,Stale,High,Long,No,Poor
Sunny,Weekend,Fresh,Medium,Short,No,Good
Sunny,Weekday,Fresh,High,Long,Yes,Good
Rainy,Weekday,Fresh,Low,Short,No,Good
Humid,Festival,Fresh,High,Long,Yes,Good
Sunny,Weekday,Stale,Low,Short,No,Poor
Rainy,Weekend,Fresh,Low,Short,No,Excellent
Humid,Weekday,Stale,Medium,Short,No,Good
Sunny,Weekday,Fresh,High,Long,Yes,Good
Sunny,Weekend,Fresh,High,Long,Yes,Excellent
Rainy,Weekday,Fresh,Low,Short,No,Good
Rainy,Weekend,Fresh,High,Long,Yes,Good
Sunny,Weekend,Fresh,High,Long,Yes,Poor
Humid,Weekday,Fresh,Low,Short,No,Good
Humid,Weekday,Fresh,Medium,Long,No,Excellent
Sunny,Weekday,Stale,Low,Short,No,Poor
Sunny,Weekday,Fresh,Medium,Short,No,Excellent
Sunny,Weekday,Stale,High,Long,Yes,Poor
Rainy,Weekend,Fresh,Medium,Long,No,Poor
Humid,Weekday,Stale,Medium,Short,No,Poor
Sunny,Weekday,Fresh,Medium,Short,Yes,Excellent
Rainy,Weekend,Fresh,Low,Short,No,Excellent
Humid,Weekday,Stale,High,Long,Yes,Poor
Sunny,Weekday,Fresh,Low,Short,No,Good
Sunny,Weekday,Stale,Medium,Short,Yes,Poor
Sunny,Festival,Fresh,High,Short,No,Excellent
Sunny,Weekend,Stale,Medium,Long,Yes,Poor
Sunny,Weekday,Fresh,Medium,Long,No,Good
Sunny,Weekday,Fresh,Medium,Short,No,Good
Rainy,Weekend,Fresh,Low,Short,No,Good
Rainy,Weekday,Stale,Medium,Long,Yes,Poor
Humid,Weekday,Fresh,Medium,Long,No,Good
Rainy,Weekend,Fresh,Low,Short,No,Excellent
Humid,Festival,Fresh,Medium,Long,No,Excellent
Rainy,Weekend,Fresh,High,Long,Yes,Good
Rainy,Weekday,Fresh,Medium,Short,No,Excellent
Humid,Weekday,Fresh,Low,Short,Yes,Good
Humid,Festival,Stale,High,Short,No,Poor
Rainy,Weekday,Stale,Low,Short,No,Good
Rainy,Weekday,Fresh,Low,Short,No,Excellent
Rainy,Weekday,Fresh,Low,Short,No,Excellent
Sunny,Weekend,Stale,High,Short,No,Good
Sunny,Festival,Fresh,High,Long,No,Excellent
Sunny,Weekday,Fresh,Medium,Long,Yes,Good
Rainy,Weekday,Fresh,Low,Short,No,Excellent
Rainy,Weekday,Fresh,Medium,Short,No,Excellent
Sunny,Weekday,Fresh,High,Short,Yes,Excellent
Sunny,Weekday,Fresh,Low,Short,No,Good
Sunny,Weekday,Fresh,Medium,Short,No,Good
Rainy,Weekday,Stale,Low,Short,No,Poor
Humid,Weekday,Stale,Medium,Short,Yes,Good
Rainy,Festival,Stale,Medium,Long,No,Good
Humid,Weekend,Fresh,High,Long,Yes,Good
Humid,Weekday,Fresh,Medium,Long,No,Excellent
Humid,Weekend,Fresh,High,Short,No,Good
Rainy,Weekday,Fresh,Low,Short,No,Good
Rainy,Weekday,Fresh,Low,Short,No,Excellent
Sunny,Weekday,Fresh,Medium,Long,No,Excellent
Humid,Weekend,Stale,Medium,Short,No,Poor
Rainy,Festival,Stale,Medium,Short,Yes,Excellent
Humid,Weekday,Stale,High,Long,Yes,Poor
Rainy,Weekday,Fresh,Low,Short,No,Excellent
Humid,Weekday,Stale,Medium,Long,No,Good
Rainy,Weekday,Fresh,Low,Short,No,Good
Sunny,Weekend,Fresh,High,Short,No,Excellent
Sunny,Weekend,Fresh,Medium,Long,No,Poor
Sunny,Weekday,Fresh,Medium,Short,No,Good
Sunny,Weekday,Stale,Low,Short,No,Good
Sunny,Weekday,Fresh,Medium,Long,Yes,Good
Rainy,Weekday,Stale,High,Long,Yes,Poor
Rainy,Weekday,Stale,Low,Short,No,Poor
Sunny,Festival,Fresh,High,Long,No,Good
Rainy,Weekend,Fresh,Low,Long,No,Good
Humid,Weekday,Stale,Medium,Long,No,Good
Rainy,Weekday,Fresh,Low,Short,No,Excellent
Sunny,Weekday,Fresh,Medium,Long,No,Good
Rainy,Weekday,Stale,Low,Short,No,Good
Sunny,Weekend,Fresh,Medium,Short,No,Good
Humid,Weekday,Fresh,Medium,Long,No,Good
Sunny,Weekday,Fresh,High,Long,Yes,Good
Sunny,Weekday,Fresh,Medium,Long,No,Good
Sunny,Festival,Stale,High,Long,Yes,Poor
Sunny,Weekday,Fresh,Medium,Long,Yes,Excellent
Humid,Weekend,Stale,Medium,Short,Yes,Poor
Humid,Weekday,Stale,Low,Short,No,Good
Humid,Weekday,Stale,Medium,Short,Yes,Good
Rainy,Weekday,Fresh,Low,Short,No,Excellent
Rainy,Festival,Fresh,Medium,Short,No,Excellent
Humid,Festival,Fresh,High,Long,No,Good
Sunny,Weekday,Fresh,Medium,Long,No,Good
Humid,Weekend,Stale,Low,Short,No,Good
Sunny,Weekday,Fresh,High,Long,Yes,Good
Sunny,Weekday,Fresh,Low,Short,No,Good
Sunny,Festival,Fresh,High,Long,Yes,Excellent
Sunny,Weekday,Fresh,Medium,Long,No,Excellent
Humid,Weekend,Stale,Medium,Short,No,Poor
Sunny,Weekday,Fresh,Medium,Short,Yes,Excellent
Humid,Festival,Fresh,Low,Short,No,Excellent
Sunny,Weekday,Fresh,Medium,Long,No,Good
Sunny,Weekend,Fresh,Medium,Short,Yes,Good
Sunny,Weekday,Fresh,Low,Short,No,Good
Rainy,Weekend,Fresh,Low,Long,Yes,Good
Humid,Weekend,Fresh,Low,Short,No,Good
Sunny,Weekend,Fresh,Medium,Short,Yes,Excellent
Humid,Weekday,Stale,High,Short,No,Poor
Humid,Weekday,Fresh,Low,Long,No,Good
Sunny,Weekend,Fresh,High,Long,No,Excellent
Sunny,Weekend,Fresh,Medium,Short,No,Good
Sunny,Weekend,Fresh,High,Long,No,Good
Humid,Weekday,Stale,Low,Short,No,Poor
Rainy,Weekday,Stale,Low,Short,No,Good
Sunny,Weekday,Stale,Medium,Short,No,Poor
Sunny,Weekend,Fresh,Medium,Long,No,Good
Sunny,Weekday,Stale,Low,Short,No,Good
Humid,Weekend,Stale,Medium,Short,No,Good
Sunny,Weekday,Fresh,Low,Short,No,Good
Humid,Weekday,Fresh,Medium,Long,No,Poor
Rainy,Weekday,Fresh,Low,Short,No,Good
Rainy,Weekend,Fresh,Low,Short,No,Good
Humid,Weekday,Stale,High,Long,No,Poor
Sunny,Weekend,Fresh,High,Long,No,Good
Sunny,Weekday,Fresh,High,Long,No,Excellent
Sunny,Festival,Fresh,High,Long,No,Good
Humid,Weekday,Fresh,Low,Short,No,Excellent
Sunny,Weekday,Fresh,High,Long,No,Good
Sunny,Weekend,Fresh,Medium,Short,No,Good
Rainy,Weekday,Fresh,Medium,Long,No,Good
Rainy,Weekend,Fresh,Medium,Short,No,Good
Sunny,Weekday,Stale,Medium,Short,Yes,Poor
Rainy,Festival,Fresh,Low,Short,No,Excellent
Sunny,Weekday,Fresh,Medium,Short,No,Excellent
Sunny,Weekday,Fresh,Low,Short,No,Excellent
Rainy,Weekday,Fresh,Low,Short,No,Poor
Rainy,Weekend,Stale,Low,Short,No,Poor
Humid,Weekday,Stale,Low,Short,No,Good
Humid,Weekday,Stale,Medium,Short,No,Poor
Sunny,Weekday,Stale,High,Long,Yes,Poor
Rainy,Weekday,Fresh,Low,Short,No,Good
Sunny,Weekend,Stale,High,Long,Yes,Good
Sunny,Weekday,Fresh,Medium,Short,No,Excellent
Sunny,Festival,Fresh,High,Short,Yes,Excellent
Humid,Weekday,Fresh,Medium,Short,No,Good
Humid,Weekday,Fresh,Low,Long,No,Good
Rainy,Weekday,Fresh,Low,Short,No,Good
Sunny,Weekday,Fresh,Medium,Short,Yes,Good
Rainy,Weekday,Fresh,Low,Short,No,Good
Rainy,Festival,Fresh,High,Long,Yes,Excellent
Humid,Weekend,Stale,Medium,Short,Yes,Good
Sunny,Weekday,Fresh,Low,Short,No,Good
Sunny,Weekday,Fresh,Medium,Short,Yes,Good
Sunny,Weekday,Fresh,Medium,Long,Yes,Excellent
Sunny,Weekday,Fresh,Medium,Long,Yes,Good
Rainy,Weekend,Fresh,Low,Short,No,Excellent
Sunny,Weekday,Fresh,Low,Short,No,Good
Sunny,Weekend,Fresh,High,Long,Yes,Excellent
Sunny,Weekday,Fresh,High,Long,Yes,Excellent
Humid,Weekend,Fresh,Medium,Short,No,Good
Sunny,Weekday,Fresh,Medium,Short,No,Good
Rainy,Weekday,Stale,Medium,Long,No,Good
Humid,Weekend,Fresh,High,Long,Yes,Poor
Sunny,Weekend,Stale,High,Long,Yes,Good
Humid,Weekday,Fresh,Low,Short,No,Excellent
Sunny,Festival,Fresh,High,Long,No,Poor
Humid,Weekend,Fresh,Medium,Short,Yes,Excellent
Humid,Weekday,Fresh,Low,Short,No,Excellent
Sunny,Weekend,Fresh,High,Short,Yes,Good
Sunny,Weekday,Fresh,High,Long,Yes,Good
Rainy,Weekday,Fresh,Low,Short,No,Good
Rainy,Festival,Stale,High,Long,No,Poor
Rainy,Weekend,Stale,Low,Short,No,Good
Humid,Weekday,Fresh,High,Long,Yes,Poor
Rainy,Weekday,Fresh,Low,Short,No,Excellent
Sunny,Weekday,Fresh,Low,Short,No,Good
Rainy,Weekday,Stale,Low,Long,No,Poor
Sunny,Weekend,Stale,High,Short,Yes,Good
Rainy,Weekend,Fresh,Low,Short,No,Excellent
Rainy,Weekday,Fresh,Low,Long,No,Poor
Sunny,Weekend,Fresh,Medium,Short,No,Excellent
Rainy,Weekday,Fresh,Low,Short,No,Good
Rainy,Weekday,Fresh,Low,Short,No,Poor
Sunny,Weekday,Fresh,High,Long,Yes,Good
Humid,Weekday,Stale,High,Long,Yes,Good
Sunny,Weekday,Stale,Medium,Short,No,Poor
Humid,Weekend,Stale,High,Long,Yes,Excellent
Sunny,Weekday,Fresh,Low,Short,No,Excellent
Humid,Weekend,Fresh,High,Short,Yes,Excellent
Sunny,Weekday,Fresh,Low,Short,No,Excellent
Sunny,Weekday,Fresh,Low,Short,No,Excellent
Rainy,Weekday,Fresh,Medium,Short,No,Excellent
Sunny,Weekday,Fresh,High,Long,No,Poor
Rainy,Weekend,Fresh,Low,Short,No,Excellent
Humid,Weekend,Fresh,High,Short,No,Good
Sunny,Weekday,Fresh,Medium,Long,No,Good
Rainy,Weekend,Stale,High,Long,No,Poor
Sunny,Weekday,Fresh,Medium,Long,Yes,Excellent
Humid,Festival,Stale,High,Short,No,Excellent
Rainy,Weekend,Fresh,Medium,Short,No,Excellent
Rainy,Festival,Stale,Medium,Long,Yes,Poor
Humid,Weekend,Stale,Medium,Long,No,Poor
Sunny,Weekend,Fresh,High,Long,No,Good
Humid,Weekend,Stale,Medium,Long,No,Good
Sunny,Festival,Stale,High,Short,Yes,Good
Sunny,Weekday,Fresh,Medium,Short,No,Excellent
Sunny,Weekend,Fresh,Medium,Short,No,Good
Sunny,Weekend,Stale,High,Long,Yes,Poor
Sunny,Weekday,Fresh,Medium,Long,No,Good
Rainy,Weekday,Stale,Low,Long,No,Poor
Sunny,Weekday,Fresh,Medium,Short,Yes,Poor
Humid,Weekday,Stale,Low,Short,No,Good
Sunny,Weekend,Fresh,High,Long,Yes,Good
Humid,Weekday,Fresh,Low,Short,No,Excellent
Humid,Festival,Stale,Low,Short,No,Good
Humid,Weekday,Fresh,Low,Short,No,Good
Rainy,Weekday,Stale,Low,Short,Yes,Poor
Humid,Weekend,Fresh,High,Long,No,Good
Rainy,Festival,Fresh,Medium,Short,Yes,Excellent
Humid,Weekday,Stale,Medium,Long,No,Poor
Rainy,Weekday,Fresh,Low,Short,No,Good
Rainy,Weekday,Fresh,High,Long,Yes,Good
Humid,Weekday,Fresh,Medium,Short,No,Excellent
Sunny,Festival,Stale,High,Short,Yes,Excellent
Humid,Festival,Fresh,Low,Short,No,Excellent
Sunny,Weekday,Fresh,Low,Short,No,Good
Humid,Weekend,Stale,Medium,Short,Yes,Poor
Humid,Weekday,Fresh,Medium,Short,No,Excellent
Rainy,Weekend,Stale,High,Long,Yes,Good
Sunny,Festival,Fresh,High,Long,No,Good
Sunny,Weekday,Fresh,Medium,Short,No,Excellent
Humid,Weekend,Stale,Medium,Short,Yes,Poor
Humid,Weekend,Stale,High,Long,Yes,Poor
Sunny,Weekday,Fresh,Medium,Short,No,Good
Sunny,Weekday,Fresh,High,Long,Yes,Excellent
Sunny,Weekday,Fresh,Low,Short,No,Excellent
Sunny,Weekday,Fresh,Medium,Long,No,Poor
Sunny,Weekday,Fresh,Medium,Long,No,Excellent
Sunny,Weekday,Fresh,Medium,Short,No,Excellent
Sunny,Weekend,Fresh,Medium,Short,No,Excellent
Sunny,Weekday,Fresh,Medium,Short,No,Poor
Sunny,Weekday,Fresh,High,Long,No,Good
Sunny,Weekend,Fresh,High,Long,Yes,Good
Sunny,Weekday,Fresh,Medium,Short,Yes,Good
Humid,Weekend,Fresh,Medium,Short,Yes,Good
Humid,Weekday,Stale,Medium,Long,No,Poor
Humid,Weekday,Fresh,Medium,Long,Yes,Excellent
Humid,Weekday,Fresh,Medium,Short,No,Excellent
Sunny,Weekday,Stale,Low,Short,No,Poor
Sunny,Weekend,Fresh,High,Long,Yes,Good
Sunny,Festival,Fresh,High,Long,Yes,Poor
Rainy,Weekday,Fresh,Low,Short,No,Good
Rainy,Weekday,Stale,Low,Short,No,Good
Humid,Weekend,Stale,Medium,Long,Yes,Poor
Humid,Weekday,Fresh,High,Long,Yes,Good
Humid,Weekday,Fresh,Low,Short,No,Excellent
Rainy,Weekend,Stale,Low,Short,No,Good
Sunny,Weekday,Stale,Low,Short,No,Excellent
Rainy,Weekday,Fresh,Low,Short,No,Good
Humid,Weekend,Fresh,High,Long,Yes,Good
Sunny,Weekday,Fresh,Medium,Long,No,Good
Sunny,Weekday,Fresh,High,Long,No,Excellent
Sunny,Weekday,Fresh,High,Long,Yes,Good
Humid,Weekend,Stale,Medium,Long,No,Excellent
Rainy,Weekday,Fresh,High,Long,No,Poor
Rainy,Weekday,Stale,Low,Short,No,Good
Sunny,Weekend,Fresh,Low,Short,No,Poor
Sunny,Weekday,Fresh,Medium,Long,No,Good
Sunny,Weekday,Fresh,Medium,Long,No,Poor
Sunny,Weekday,Fresh,Medium,Short,Yes,Good
Sunny,Weekday,Stale,Medium,Long,No,Poor
Humid,Weekday,Fresh,Low,Short,No,Good
Sunny,Weekend,Fresh,Medium,Long,No,Good
Humid,Weekend,Stale,Medium,Long,Yes,Poor
Sunny,Weekend,Fresh,Low,Short,No,Excellent
Rainy,Weekday,Fresh,Low,Long,No,Good
Humid,Weekday,Fresh,High,Long,Yes,Good
Sunny,Weekend,Fresh,High,Long,Yes,Good
Rainy,Weekday,Stale,Medium,Long,Yes,Poor
Sunny,Weekday,Stale,Low,Long,No,Good
Humid,Weekday,Stale,Medium,Long,No,Poor
Sunny,Weekend,Fresh,High,Long,No,Excellent
Humid,Weekend,Stale,Medium,Short,No,Good
Sunny,Weekend,Fresh,Medium,Long,No,Excellent
Sunny,Festival,Fresh,High,Short,Yes,Excellent
Sunny,Weekend,Fresh,Medium,Short,Yes,Good
Rainy,Weekday,Fresh,Low,Short,No,Excellent
Sunny,Weekday,Fresh,High,Long,No,Good
Sunny,Weekday,Fresh,High,Long,No,Excellent
Sunny,Festival,Fresh,High,Long,Yes,Good
Sunny,Festival,Fresh,High,Long,No,Good
Sunny,Weekday,Stale,Medium,Short,No,Poor
Sunny,Weekend,Fresh,Low,Short,No,Poor
Humid,Weekday,Fresh,Low,Long,No,Excellent
Humid,Weekday,Stale,Medium,Long,Yes,Poor
Sunny,Weekday,Fresh,Low,Short,No,Poor
Humid,Weekday,Fresh,Medium,Long,Yes,Good
Humid,Weekend,Fresh,Medium,Short,No,Good
Sunny,Weekday,Stale,Low,Long,No,Poor
Sunny,Weekday,Fresh,High,Long,Yes,Good
Humid,Weekend,Fresh,High,Long,No,Excellent
Sunny,Weekday,Stale,Medium,Short,No,Good
Rainy,Weekday,Stale,Low,Short,No,Poor
Sunny,Weekday,Fresh,Medium,Short,No,Good
Humid,Weekday,Stale,Medium,Short,Yes,Good
Sunny,Weekend,Fresh,High,Long,No,Good
Sunny,Weekend,Fresh,High,Long,Yes,Poor
Rainy,Weekday,Fresh,Low,Short,No,Good
Sunny,Weekend,Fresh,High,Long,Yes,Excellent
Rainy,Weekday,Stale,Low,Short,No,Poor
Rainy,Weekday,Fresh,Low,Short,No,Good
Rainy,Weekday,Fresh,Low,Short,No,Good
Sunny,Weekday,Fresh,High,Long,Yes,Excellent
Sunny,Weekday,Fresh,Medium,Short,No,Good
Sunny,Weekday,Fresh,Medium,Short,No,Excellent
Sunny,Weekday,Fresh,Medium,Long,No,Good
Rainy,Weekday,Stale,Low,Short,No,Good
Humid,Weekday,Fresh,Low,Short,No,Good
Sunny,Weekend,Fresh,High,Long,Yes,Good
Sunny,Weekday,Fresh,High,Long,Yes,Good
Humid,Weekend,Fresh,Medium,Long,Yes,Excellent
Humid,Weekend,Fresh,Medium,Long,No,Good
Sunny,Weekday,Fresh,Medium,Short,No,Good
Humid,Weekday,Stale,High,Long,No,Poor
Sunny,Weekend,Fresh,Medium,Short,Yes,Excellent
Sunny,Weekday,Fresh,High,Long,Yes,Excellent
Sunny,Weekend,Fresh,High,Long,Yes,Good
Rainy,Weekday,Fresh,High,Long,Yes,Poor
Humid,Weekday,Fresh,Low,Short,No,Excellent
Humid,Weekday,Fresh,Medium,Short,Yes,Good
Sunny,Weekend,Fresh,Low,Short,No,Good
Sunny,Weekend,Fresh,Medium,Long,No,Good
Humid,Weekend,Fresh,High,Long,No,Excellent
Humid,Weekday,Fresh,Low,Short,No,Good
Rainy,Weekday,Fresh,Low,Short,No,Good
Sunny,Weekday,Fresh,High,Long,Yes,Poor
Sunny,Weekday,Stale,Medium,Short,No,Poor
Sunny,Weekday,Fresh,Medium,Short,No,Poor
Sunny,Weekday,Fresh,Medium,Long,Yes,Good
Rainy,Weekday,Stale,Low,Short,No,Poor
Sunny,Weekday,Fresh,High,Long,No,Good
Sunny,Weekday,Fresh,Low,Long,No,Good
Humid,Weekday,Fresh,High,Short,Yes,Excellent
Humid,Weekday,Stale,Medium,Short,No,Good
Sunny,Weekday,Fresh,Low,Short,No,Good
Sunny,Weekend,Fresh,High,Long,Yes,Excellent
Humid,Weekday,Fresh,Medium,Long,No,Good
Sunny,Weekday,Fresh,Medium,Long,No,Good
Rainy,Weekday,Fresh,Low,Short,No,Excellent
Sunny,Weekday,Fresh,Medium,Long,No,Good
Sunny,Weekday,Fresh,Medium,Short,No,Excellent
Humid,Weekend,Fresh,High,Short,Yes,Excellent
Rainy,Weekend,Fresh,Low,Short,No,Good
Sunny,Weekday,Stale,Low,Short,No,Poor
Humid,Festival,Stale,Medium,Short,No,Good
Sunny,Weekend,Fresh,High,Long,Yes,Excellent
Sunny,Weekday,Fresh,Medium,Short,No,Good
Sunny,Weekday,Fresh,High,Long,Yes,Excellent
Rainy,Weekday,Fresh,Medium,Short,No,Excellent
Rainy,Weekend,Fresh,High,Long,No,Excellent
Sunny,Weekday,Fresh,Low,Short,No,Good
Rainy,Weekday,Stale,Medium,Long,No,Poor
Sunny,Weekday,Fresh,Low,Short,Yes,Excellent
Humid,Weekend,Fresh,Low,Short,No,Good
Sunny,Weekend,Fresh,Medium,Long,Yes,Excellent
Sunny,Weekend,Fresh,High,Long,Yes,Excellent
Sunny,Weekend,Fresh,Medium,Long,No,Excellent
Sunny,Weekday,Fresh,High,Long,No,Poor
Rainy,Weekday,Fresh,Low,Long,No,Good
Sunny,Weekday,Fresh,Medium,Short,No,Good
Sunny,Weekday,Fresh,Low,Long,No,Excellent
Sunny,Festival,Fresh,Medium,Short,Yes,Good
Humid,Weekday,Fresh,Medium,Short,No,Good
Sunny,Weekday,Fresh,Medium,Long,No,Excellent
Sunny,Weekday,Stale,High,Short,Yes,Poor
Sunny,Weekday,Fresh,High,Short,Yes,Excellent
Rainy,Weekday,Stale,Medium,Short,Yes,Poor
Sunny,Weekend,Fresh,High,Long,No,Good
Sunny,Weekday,Fresh,Low,Short,No,Good
Humid,Weekday,Stale,Medium,Short,No,Poor
Sunny,Weekday,Stale,Medium,Long,Yes,Poor
Humid,Weekday,Fresh,Medium,Short,No,Good
Rainy,Weekend,Fresh,Medium,Short,No,Good
Humid,Festival,Fresh,High,Long,Yes,Excellent
Humid,Weekday,Stale,Medium,Long,No,Poor
Rainy,Weekday,Fresh,Low,Short,No,Excellent
Humid,Weekday,Stale,Low,Short,No,Poor
Humid,Weekend,Stale,Medium,Long,No,Poor
Rainy,Weekend,Stale,Medium,Short,No,Poor
Rainy,Weekend,Stale,Medium,Long,No,Good
Humid,Weekday,Stale,Low,Short,No,Poor
Sunny,Weekday,Stale,Medium,Short,No,Good
Sunny,Weekday,Fresh,Low,Short,No,Excellent
Sunny,Weekday,Fresh,Medium,Long,No,Poor
Sunny,Weekend,Fresh,High,Long,No,Poor
Rainy,Weekday,Fresh,Low,Short,No,Excellent
Humid,Weekday,Fresh,High,Long,Yes,Excellent
Rainy,Weekday,Fresh,Low,Short,No,Good
Humid,Weekend,Fresh,Low,Short,No,Good
Humid,Weekend,Fresh,Low,Long,No,Excellent
Rainy,Weekend,Fresh,Low,Short,No,Excellent
Humid,Weekday,Stale,Low,Short,No,Good
Humid,Weekday,Fresh,Low,Short,No,Excellent
Humid,Weekend,Stale,Low,Short,No,Good
Sunny,Weekday,Fresh,Medium,Short,Yes,Excellent
Rainy,Weekend,Fresh,High,Long,Yes,Good
Sunny,Weekend,Fresh,Medium,Long,No,Good
Rainy,Weekday,Stale,Low,Short,Yes,Poor
Rainy,Weekend,Fresh,High,Long,No,Good
Rainy,Weekend,Fresh,Medium,Short,No,Excellent
Humid,Weekday,Fresh,Medium,Short,No,Excellent
Sunny,Festival,Fresh,Low,Short,No,Excellent
Sunny,Festival,Stale,Medium,Short,Yes,Good
Humid,Weekday,Stale,High,Long,Yes,Good
Sunny,Festival,Fresh,Medium,Long,No,Good
Rainy,Weekday,Stale,Medium,Long,No,Poor
Rainy,Weekday,Fresh,Low,Short,No,Good
Humid,Weekend,Stale,High,Short,No,Poor
Rainy,Festival,Fresh,Medium,Short,No,Excellent
Sunny,Weekday,Fresh,Medium,Long,No,Poor
Rainy,Weekday,Fresh,Low,Short,No,Excellent
Rainy,Weekend,Stale,Low,Short,No,Excellent
Humid,Weekday,Stale,Medium,Long,No,Poor
Rainy,Weekday,Stale,Low,Short,No,Poor
Humid,Weekday,Stale,Medium,Short,Yes,Poor
Humid,Weekend,Stale,Medium,Long,No,Poor
Humid,Weekday,Stale,Medium,Long,Yes,Good
Sunny,Weekend,Fresh,High,Long,No,Excellent
Sunny,Weekend,Fresh,High,Short,Yes,Excellent
Rainy,Weekday,Fresh,Medium,Short,Yes,Excellent
Sunny,Weekday,Fresh,High,Long,No,Good
Humid,Weekday,Stale,Low,Short,No,Good
Sunny,Weekday,Fresh,High,Short,Yes,Good
Rainy,Weekday,Fresh,Low,Short,No,Excellent
Rainy,Weekday,Fresh,Low,Short,No,Poor
Humid,Weekday,Fresh,Low,Short,No,Excellent
Sunny,Weekend,Fresh,Medium,Long,No,Good
Humid,Weekday,Fresh,Low,Short,No,Excellent
Humid,Weekend,Stale,High,Long,Yes,Good
Rainy,Weekday,Fresh,Low,Short,No,Excellent
Sunny,Weekday,Fresh,Medium,Short,No,Good
Sunny,Weekday,Fresh,Medium,Long,No,Poor
Rainy,Festival,Fresh,Medium,Short,Yes,Good
Rainy,Weekday,Fresh,Low,Short,No,Excellent
Rainy,Weekend,Fresh,Low,Short,No,Good
Humid,Weekday,Fresh,Medium,Short,Yes,Poor
Humid,Weekday,Fresh,Medium,Short,No,Good
Rainy,Weekday,Fresh,Low,Short,No,Good
Humid,Weekday,Stale,Medium,Short,Yes,Poor
Sunny,Weekday,Fresh,Medium,Short,No,Excellent
Sunny,Weekend,Stale,Medium,Short,No,Excellent
Sunny,Weekday,Fresh,Low,Short,No,Good
Sunny,Weekend,Fresh,Low,Short,No,Good
Sunny,Weekend,Stale,High,Long,Yes,Poor
Sunny,Weekend,Fresh,High,Short,Yes,Excellent
Humid,Weekend,Stale,Medium,Long,No,Poor
Rainy,Weekday,Stale,Low,Long,No,Poor
Sunny,Weekday,Fresh,Medium,Short,Yes,Good
Sunny,Weekday,Fresh,Medium,Short,No,Good
Rainy,Weekday,Stale,Low,Short,No,Good
Rainy,Weekday,Stale,Low,Short,No,Poor
Rainy,Weekend,Fresh,Low,Short,No,Good
Sunny,Weekday,Fresh,Low,Short,No,Excellent
Humid,Weekend,Fresh,Medium,Short,No,Excellent
Humid,Weekday,Fresh,High,Long,Yes,Good
Humid,Weekday,Stale,Medium,Long,No,Good
Sunny,Weekday,Fresh,Low,Short,No,Excellent
Rainy,Festival,Fresh,Low,Long,No,Good
Humid,Weekend,Fresh,Medium,Short,Yes,Good
Sunny,Weekday,Fresh,Medium,Short,No,Good
Sunny,Weekday,Fresh,Low,Short,No,Excellent
Humid,Weekday,Fresh,Medium,Long,No,Excellent
Sunny,Weekend,Fresh,Medium,Short,Yes,Excellent
Rainy,Weekend,Fresh,Low,Short,No,Good
Sunny,Weekday,Fresh,Medium,Short,No,Excellent
Sunny,Festival,Fresh,High,Long,Yes,Good
Sunny,Weekday,Fresh,Medium,Short,No,Good
Sunny,Weekday,Fresh,Low,Short,No,Poor
Rainy,Weekday,Stale,Low,Long,No,Poor
Sunny,Weekday,Fresh,High,Short,Yes,Poor
Rainy,Weekday,Fresh,Low,Short,No,Good
Rainy,Weekend,Fresh,Low,Short,No,Excellent
Sunny,Weekday,Fresh,Medium,Long,No,Good
Sunny,Weekend,Fresh,Medium,Long,Yes,Good
Humid,Weekday,Stale,Low,Short,No,Poor
Sunny,Weekend,Stale,High,Long,No,Poor
Rainy,Weekday,Stale,Low,Short,No,Poor
Sunny,Weekday,Fresh,Low,Short,No,Excellent
Humid,Festival,Stale,Medium,Long,No,Poor
Sunny,Weekend,Fresh,Medium,Short,No,Good
Sunny,Weekend,Fresh,Medium,Short,Yes,Good
Sunny,Weekend,Fresh,High,Long,Yes,Poor
Rainy,Weekday,Fresh,Medium,Short,No,Excellent
Humid,Weekend,Fresh,High,Short,Yes,Good
Humid,Weekday,Stale,Low,Short,No,Poor
Sunny,Weekend,Fresh,Medium,Short,No,Good
Sunny,Weekend,Fresh,High,Long,No,Excellent
Rainy,Weekend,Fresh,Low,Short,No,Excellent
Humid,Weekend,Fresh,Medium,Long,No,Good
Rainy,Weekend,Stale,Low,Short,No,Excellent
Humid,Weekday,Stale,Low,Short,No,Poor
Sunny,Weekday,Fresh,High,Long,Yes,Poor
Rainy,Weekday,Fresh,Medium,Long,No,Excellent
Sunny,Festival,Fresh,High,Long,Yes,Good
Sunny,Weekday,Fresh,Medium,Long,Yes,Good
Humid,Weekday,Stale,Low,Short,No,Poor
Sunny,Weekend,Fresh,High,Short,Yes,Good
Rainy,Weekend,Stale,Low,Short,Yes,Good
Humid,Weekday,Stale,Low,Long,No,Poor
Sunny,Weekday,Fresh,Low,Short,No,Excellent
Humid,Weekend,Fresh,Medium,Short,No,Excellent
Humid,Weekend,Fresh,Medium,Short,No,Good
Sunny,Weekday,Stale,Medium,Short,No,Poor
Sunny,Festival,Fresh,High,Long,No,Good
Sunny,Weekday,Fresh,Low,Short,No,Good
Sunny,Weekday,Stale,Medium,Short,No,Good
Sunny,Weekday,Fresh,Medium,Short,No,Good
Sunny,Festival,Fresh,High,Long,Yes,Good
Humid,Weekend,Stale,Medium,Long,Yes,Excellent
Humid,Weekday,Fresh,Low,Long,No,Excellent
Sunny,Weekend,Fresh,High,Long,Yes,Excellent
Rainy,Weekday,Stale,Low,Short,No,Poor
Rainy,Weekend,Fresh,Low,Short,No,Good
Humid,Weekday,Stale,Low,Long,No,Poor
Humid,Weekend,Stale,Low,Long,No,Good
Sunny,Weekday,Fresh,High,Long,Yes,Poor
Rainy,Weekday,Fresh,Low,Short,No,Excellent
Humid,Weekday,Fresh,High,Long,Yes,Good
Sunny,Festival,Fresh,High,Long,Yes,Good
Humid,Weekday,Stale,Medium,Short,Yes,Good
Humid,Weekday,Fresh,Low,Short,No,Good
Humid,Weekday,Fresh,High,Long,Yes,Excellent
Humid,Weekday,Fresh,Medium,Short,No,Good
Rainy,Weekend,Fresh,Low,Short,No,Good
Humid,Weekday,Fresh,High,Long,No,Good
Humid,Weekend,Fresh,Medium,Short,No,Good
Sunny,Weekday,Stale,High,Long,Yes,Poor
Sunny,Weekday,Fresh,High,Short,Yes,Good
Rainy,Weekend,Fresh,High,Long,Yes,Good
Sunny,Weekday,Stale,High,Long,Yes,Poor
Humid,Weekend,Fresh,Medium,Short,No,Excellent
Sunny,Festival,Fresh,High,Long,No,Good
Humid,Weekend,Fresh,Low,Short,No,Excellent
Humid,Weekday,Fresh,Medium,Short,No,Excellent
Rainy,Weekday,Stale,Low,Short,No,Good
Rainy,Weekend,Stale,Low,Short,No,Excellent
Humid,Weekday,Fresh,Medium,Short,No,Excellent
Sunny,Festival,Fresh,High,Long,Yes,Good
Sunny,Weekday,Fresh,Low,Short,No,Good
Sunny,Weekday,Fresh,Low,Short,No,Excellent
Sunny,Weekday,Fresh,Low,Short,No,Good
Rainy,Weekday,Fresh,Low,Short,No,Excellent
Humid,Weekday,Fresh,Medium,Long,No,Excellent
Humid,Weekday,Stale,Low,Short,No,Good
Humid,Weekday,Fresh,Medium,Long,No,Poor
Sunny,Weekend,Fresh,Medium,Short,No,Excellent
Sunny,Weekday,Fresh,Medium,Short,No,Good
Humid,Weekday,Fresh,Medium,Short,No,Poor
Sunny,Weekday,Fresh,Low,Short,No,Excellent
Sunny,Festival,Fresh,High,Short,Yes,Excellent
Rainy,Weekday,Stale,Low,Short,No,Poor
Humid,Weekday,Stale,Low,Short,No,Good
Sunny,Weekend,Stale,High,Short,Yes,Poor
Sunny,Weekday,Fresh,Low,Short,No,Excellent
Rainy,Weekday,Fresh,Low,Short,No,Good
Humid,Weekend,Fresh,High,Long,No,Good
Sunny,Weekend,Fresh,Medium,Short,No,Excellent
Humid,Weekday,Fresh,Medium,Short,No,Excellent
Humid,Weekday,Fresh,Medium,Long,No,Good
Rainy,Weekday,Stale,High,Short,Yes,Good
Sunny,Weekday,Stale,Low,Short,No,Good
Rainy,Weekend,Fresh,High,Long,No,Good
Humid,Festival,Stale,High,Long,No,Poor
Sunny,Weekday,Fresh,Medium,Short,No,Excellent
Humid,Festival,Fresh,High,Long,No,Good
Sunny,Weekday,Fresh,Medium,Short,No,Good
Sunny,Festival,Fresh,Medium,Long,No,Good
Sunny,Weekday,Fresh,Low,Short,No,Excellent
Humid,Weekday,Fresh,Low,Short,No,Good
Humid,Weekend,Stale,Low,Short,No,Poor
Sunny,Festival,Fresh,High,Long,No,Good
Sunny,Weekend,Fresh,High,Long,Yes,Good
Rainy,Weekend,Stale,Low,Short,No,Poor
Sunny,Weekday,Fresh,Low,Short,No,Excellent
Sunny,Festival,Fresh,High,Long,Yes,Excellent
Rainy,Weekday,Fresh,Medium,Short,No,Good
Humid,Weekend,Fresh,High,Long,Yes,Excellent
Humid,Weekday,Fresh,Low,Short,No,Good
Humid,Festival,Fresh,Medium,Short,No,Good
Sunny,Weekend,Stale,High,Long,Yes,Poor
Sunny,Weekend,Fresh,High,Long,Yes,Good
Rainy,Weekday,Fresh,Low,Short,No,Poor
Humid,Weekday,Fresh,High,Long,No,Excellent
Rainy,Weekday,Fresh,Low,Short,No,Good
Sunny,Weekday,Fresh,High,Short,No,Excellent
Humid,Weekday,Stale,High,Long,No,Good
Sunny,Weekday,Fresh,Medium,Short,Yes,Good
Sunny,Weekday,Stale,Low,Short,No,Good
Sunny,Weekday,Fresh,Medium,Short,Yes,Excellent
Sunny,Weekend,Fresh,Medium,Long,No,Excellent
Sunny,Weekday,Fresh,Medium,Long,Yes,Good
Sunny,Weekend,Fresh,Medium,Short,Yes,Good
Sunny,Weekday,Fresh,Medium,Long,No,Good
Rainy,Weekday,Fresh,Low,Short,No,Good
Rainy,Weekday,Fresh,Low,Short,No,Excellent
Humid,Weekday,Stale,High,Long,Yes,Poor
Humid,Weekend,Stale,Medium,Short,No,Poor
Humid,Weekday,Fresh,Low,Short,No,Excellent
Sunny,Weekend,Fresh,High,Short,Yes,Excellent
Humid,Weekend,Stale,Medium,Long,No,Poor
Humid,Weekend,Stale,Low,Short,No,Good
Rainy,Weekday,Fresh,Low,Long,No,Excellent
Rainy,Weekday,Fresh,Medium,Short,No,Excellent
Sunny,Weekday,Fresh,Low,Short,No,Good
Humid,Weekday,Fresh,Medium,Short,No,Good
Sunny,Weekday,Fresh,Low,Short,No,Excellent
Humid,Weekend,Fresh,Low,Short,No,Good
Rainy,Festival,Fresh,High,Long,Yes,Good
Humid,Weekend,Stale,High,Long,Yes,Poor
Sunny,Weekday,Fresh,High,Short,Yes,Excellent
Sunny,Weekday,Fresh,Low,Short,No,Good
Sunny,Weekday,Stale,Low,Short,No,Poor
Humid,Weekday,Fresh,Medium,Long,Yes,Excellent
Humid,Weekend,Stale,High,Long,Yes,Poor
Humid,Weekday,Fresh,Low,Long,No,Good
Sunny,Weekday,Stale,Low,Short,No,Excellent
Humid,Weekday,Fresh,Medium,Short,No,Good
Sunny,Weekday,Fresh,Medium,Short,No,Excellent
Rainy,Weekend,Stale,Medium,Short,No,Poor
Rainy,Weekday,Fresh,Low,Short,No,Good
Sunny,Weekday,Fresh,High,Long,No,Good
Humid,Weekday,Stale,Low,Long,No,Poor
Humid,Festival,Stale,High,Long,Yes,Poor
Sunny,Weekend,Fresh,High,Long,Yes,Excellent
Sunny,Weekday,Fresh,High,Long,No,Good
Sunny,Festival,Fresh,High,Long,No,Good
Humid,Weekday,Stale,Medium,Long,No,Poor
Sunny,Weekday,Fresh,High,Long,Yes,Good
Sunny,Weekday,Fresh,High,Long,Yes,Poor
Rainy,Weekday,Fresh,Low,Short,No,Good
Sunny,Festival,Fresh,High,Long,Yes,Good
Humid,Festival,Fresh,Medium,Short,No,Excellent
Sunny,Weekday,Fresh,High,Long,Yes,Good
Sunny,Weekday,Stale,High,Long,Yes,Poor
Humid,Weekday,Stale,Low,Short,No,Poor
Sunny,Festival,Fresh,High,Long,Yes,Good
Rainy,Festival,Fresh,Medium,Long,No,Good
Humid,Weekday,Stale,High,Long,No,Good
Sunny,Festival,Fresh,High,Long,Yes,Excellent
Sunny,Weekend,Stale,Medium,Short,Yes,Good
Humid,Weekday,Fresh,Medium,Short,No,Good
Rainy,Weekday,Fresh,Low,Short,No,Good
Rainy,Weekend,Fresh,Medium,Short,No,Good
Sunny,Weekday,Fresh,Medium,Long,No,Good
Sunny,Weekday,Fresh,Low,Short,No,Excellent
Humid,Weekday,Fresh,Medium,Long,Yes,Excellent
Sunny,Weekday,Fresh,High,Short,Yes,Poor
Sunny,Weekend,Fresh,High,Long,Yes,Good
Sunny,Weekend,Fresh,Low,Short,No,Good
Humid,Weekday,Stale,Medium,Long,No,Good
Humid,Weekday,Fresh,Medium,Long,No,Excellent
Humid,Weekend,Fresh,Medium,Long,Yes,Excellent
Humid,Weekday,Stale,Low,Short,No,Poor
Humid,Weekday,Stale,High,Short,Yes,Good
Sunny,Weekend,Stale,Medium,Short,No,Poor
Sunny,Weekday,Stale,Low,Long,No,Good
Sunny,Weekend,Fresh,Medium,Short,No,Good
Sunny,Weekday,Fresh,Medium,Long,Yes,Excellent
Sunny,Weekday,Stale,Medium,Long,No,Good
Sunny,Weekday,Fresh,Medium,Long,No,Good
Sunny,Weekday,Fresh,Low,Short,No,Excellent
Sunny,Weekend,Fresh,High,Short,Yes,Good
Rainy,Weekday,Fresh,Low,Short,No,Excellent
Rainy,Weekday,Fresh,Low,Short,No,Excellent
Humid,Weekday,Fresh,Medium,Long,No,Good
Sunny,Weekday,Fresh,Medium,Short,Yes,Good
Humid,Festival,Stale,Medium,Short,No,Poor
Rainy,Weekday,Fresh,Low,Short,No,Good
Humid,Weekday,Stale,Medium,Long,No,Poor
Humid,Weekday,Stale,High,Long,Yes,Good
Humid,Weekday,Fresh,Medium,Long,Yes,Good
Rainy,Weekend,Fresh,Low,Short,No,Excellent
Humid,Weekday,Stale,Medium,Long,No,Poor
Sunny,Festival,Fresh,High,Short,Yes,Excellent
Humid,Weekday,Stale,Medium,Short,No,Poor
Rainy,Weekday,Stale,Low,Short,No,Excellent
Sunny,Weekday,Fresh,High,Long,No,Poor
Sunny,Weekend,Stale,High,Long,Yes,Poor
Sunny,Weekday,Fresh,Medium,Short,No,Good
Sunny,Festival,Fresh,High,Long,Yes,Excellent
Sunny,Weekday,Fresh,Medium,Long,No,Excellent
Rainy,Weekday,Stale,Medium,Long,No,Good
Humid,Weekday,Fresh,Low,Short,No,Poor
Humid,Weekday,Stale,High,Long,Yes,Poor
Humid,Weekend,Fresh,High,Long,No,Good
Sunny,Weekend,Fresh,Low,Short,No,Excellent
Rainy,Weekday,Fresh,Low,Short,No,Excellent
Sunny,Weekend,Fresh,Medium,Short,No,Good
Sunny,Weekday,Fresh,Low,Short,No,Excellent
Sunny,Weekday,Fresh,Medium,Short,No,Good
Humid,Weekday,Fresh,Low,Short,No,Good
Rainy,Weekday,Fresh,Medium,Long,Yes,Poor
Humid,Weekday,Fresh,Medium,Long,Yes,Excellent
Humid,Weekday,Stale,Medium,Short,Yes,Poor
Sunny,Weekend,Fresh,Medium,Long,Yes,Poor
Humid,Weekday,Fresh,Medium,Short,No,Good
Rainy,Weekend,Fresh,High,Short,Yes,Good
Sunny,Weekday,Fresh,Medium,Long,No,Poor
Rainy,Weekend,Fresh,Low,Short,No,Excellent
Humid,Weekend,Fresh,Medium,Short,No,Good
Humid,Weekend,Stale,Medium,Short,No,Excellent
Humid,Weekday,Fresh,High,Long,Yes,Good
Sunny,Weekend,Fresh,High,Long,Yes,Good
Sunny,Weekday,Fresh,Medium,Short,No,Good
Sunny,Festival,Fresh,High,Long,Yes,Excellent
Humid,Weekend,Fresh,Low,Short,No,Excellent
Humid,Weekday,Fresh,Low,Short,No,Good
Humid,Weekday,Stale,Medium,Long,No,Poor
Sunny,Weekday,Fresh,Medium,Long,No,Excellent
